"Population","Filename","Center","Sample","Replicate","Proportion","Count","Parent","Count_Parent"
"CD3","1228-1_A1_A01.fcs","Stanford","12828","1",0.559591209188749,30937,"Live",55285
"CCR7-CD45RA+","1228-1_A1_A01.fcs","Stanford","12828","1",0.00451365380275333,60,"CD4+CD8-",13293
"CCR7-CD45RA+","1228-1_A1_A01.fcs","Stanford","12828","1",0.269602438549841,4157,"CD4-CD8+",15419
"CD38+HLADR+","1228-1_A1_A01.fcs","Stanford","12828","1",0.00635579479862507,98,"CD4-CD8+",15419
"Lymphocytes","1228-1_A1_A01.fcs","Stanford","12828","1",1,58093,"nonDebris",58093
"CCR7+CD45RA+","1228-1_A1_A01.fcs","Stanford","12828","1",0.361631753031974,5576,"CD4-CD8+",15419
"CD4+CD8-","1228-1_A1_A01.fcs","Stanford","12828","1",0.429679671590652,13293,"CD3",30937
"CD4-CD8+","1228-1_A1_A01.fcs","Stanford","12828","1",0.498399974140996,15419,"CD3",30937
"CCR7+CD45RA-","1228-1_A1_A01.fcs","Stanford","12828","1",0.0292496270834684,451,"CD4-CD8+",15419
"CCR7-CD45RA-","1228-1_A1_A01.fcs","Stanford","12828","1",0.339516181334717,5235,"CD4-CD8+",15419
"CD38+HLADR+","1228-1_A1_A01.fcs","Stanford","12828","1",0.0219664485067329,292,"CD4+CD8-",13293
"CCR7+CD45RA-","1228-1_A1_A01.fcs","Stanford","12828","1",0.399232678853532,5307,"CD4+CD8-",13293
"CCR7+CD45RA+","1228-1_A1_A01.fcs","Stanford","12828","1",0.405025201233732,5384,"CD4+CD8-",13293
"CCR7-CD45RA-","1228-1_A1_A01.fcs","Stanford","12828","1",0.191228466109983,2542,"CD4+CD8-",13293
"Lymphocytes","1228-2_A2_A02.fcs","Stanford","12828","2",1,67126,"nonDebris",58093
"CCR7+CD45RA+","1228-2_A2_A02.fcs","Stanford","12828","2",0.350595462628658,6506,"CD4-CD8+",15419
"CCR7+CD45RA-","1228-2_A2_A02.fcs","Stanford","12828","2",0.032009484291642,594,"CD4-CD8+",15419
"CD3","1228-2_A2_A02.fcs","Stanford","12828","2",0.579167515235066,36970,"Live",55285
"CD38+HLADR+","1228-2_A2_A02.fcs","Stanford","12828","2",0.00759821091771299,141,"CD4-CD8+",15419
"CCR7-CD45RA+","1228-2_A2_A02.fcs","Stanford","12828","2",0.27159562429272,5040,"CD4-CD8+",15419
"CCR7-CD45RA-","1228-2_A2_A02.fcs","Stanford","12828","2",0.345799428786981,6417,"CD4-CD8+",15419
"CD38+HLADR+","1228-2_A2_A02.fcs","Stanford","12828","2",0.0274918483472924,430,"CD4+CD8-",13293
"CCR7+CD45RA-","1228-2_A2_A02.fcs","Stanford","12828","2",0.384246531551691,6010,"CD4+CD8-",13293
"CCR7-CD45RA-","1228-2_A2_A02.fcs","Stanford","12828","2",0.193913432644972,3033,"CD4+CD8-",13293
"CD4-CD8+","1228-2_A2_A02.fcs","Stanford","12828","2",0.501947525020287,18557,"CD3",30937
"CCR7+CD45RA+","1228-2_A2_A02.fcs","Stanford","12828","2",0.41659740425804,6516,"CD4+CD8-",13293
"CCR7-CD45RA+","1228-2_A2_A02.fcs","Stanford","12828","2",0.00524263154529762,82,"CD4+CD8-",13293
"CD4+CD8-","1228-2_A2_A02.fcs","Stanford","12828","2",0.423072761698675,15641,"CD3",30937
"CCR7-CD45RA-","1228-3_A3_A03.fcs","Stanford","12828","3",0.175803402646503,2604,"CD4+CD8-",13293
"CCR7-CD45RA+","1228-3_A3_A03.fcs","Stanford","12828","3",0.00378071833648393,56,"CD4+CD8-",13293
"Lymphocytes","1228-3_A3_A03.fcs","Stanford","12828","3",1,63873,"nonDebris",58093
"CCR7+CD45RA-","1228-3_A3_A03.fcs","Stanford","12828","3",0.40068863083986,5935,"CD4+CD8-",13293
"CCR7+CD45RA-","1228-3_A3_A03.fcs","Stanford","12828","3",0.03125358412662,545,"CD4-CD8+",15419
"CCR7-CD45RA-","1228-3_A3_A03.fcs","Stanford","12828","3",0.335703635738043,5854,"CD4-CD8+",15419
"CD4+CD8-","1228-3_A3_A03.fcs","Stanford","12828","3",0.424850849013309,14812,"CD3",30937
"CCR7+CD45RA+","1228-3_A3_A03.fcs","Stanford","12828","3",0.361681385479986,6307,"CD4-CD8+",15419
"CCR7+CD45RA+","1228-3_A3_A03.fcs","Stanford","12828","3",0.419727248177154,6217,"CD4+CD8-",13293
"CD3","1228-3_A3_A03.fcs","Stanford","12828","3",0.576293039324264,34864,"Live",55285
"CD38+HLADR+","1228-3_A3_A03.fcs","Stanford","12828","3",0.0211315149878477,313,"CD4+CD8-",13293
"CD4-CD8+","1228-3_A3_A03.fcs","Stanford","12828","3",0.500172097292336,17438,"CD3",30937
"CD38+HLADR+","1228-3_A3_A03.fcs","Stanford","12828","3",0.00762702144741369,133,"CD4-CD8+",15419
"CCR7-CD45RA+","1228-3_A3_A03.fcs","Stanford","12828","3",0.27136139465535,4732,"CD4-CD8+",15419
"CCR7-CD45RA+","12828_1_A1_A01.fcs","Yale","12828","1",0.00742550073277968,76,"CD4+CD8-",13293
"CD4-CD8+","12828_1_A1_A01.fcs","Yale","12828","1",0.488180368936461,10718,"CD3",30937
"CCR7+CD45RA-","12828_1_A1_A01.fcs","Yale","12828","1",0.368832437713727,3775,"CD4+CD8-",13293
"CD4+CD8-","12828_1_A1_A01.fcs","Yale","12828","1",0.466180824413573,10235,"CD3",30937
"CCR7-CD45RA-","12828_1_A1_A01.fcs","Yale","12828","1",0.324500839708901,3478,"CD4-CD8+",15419
"Lymphocytes","12828_1_A1_A01.fcs","Yale","12828","1",1,35454,"nonDebris",58093
"CCR7+CD45RA+","12828_1_A1_A01.fcs","Yale","12828","1",0.403419638495359,4129,"CD4+CD8-",13293
"CCR7-CD45RA-","12828_1_A1_A01.fcs","Yale","12828","1",0.220322423058134,2255,"CD4+CD8-",13293
"CD38+HLADR+","12828_1_A1_A01.fcs","Yale","12828","1",0.0123157305467438,132,"CD4-CD8+",15419
"CD38+HLADR+","12828_1_A1_A01.fcs","Yale","12828","1",0.0181729360039082,186,"CD4+CD8-",13293
"CCR7+CD45RA+","12828_1_A1_A01.fcs","Yale","12828","1",0.350065310692293,3752,"CD4-CD8+",15419
"CD3","12828_1_A1_A01.fcs","Yale","12828","1",0.631998618267653,21955,"Live",55285
"CCR7-CD45RA+","12828_1_A1_A01.fcs","Yale","12828","1",0.250046650494495,2680,"CD4-CD8+",15419
"CCR7+CD45RA-","12828_1_A1_A01.fcs","Yale","12828","1",0.0753871991043105,808,"CD4-CD8+",15419
"CD4+CD8-","12828_1_T CELL.fcs","Baylor","12828","1",0.531269504431407,4256,"CD3",30937
"CCR7-CD45RA+","12828_1_T CELL.fcs","Baylor","12828","1",0.012687969924812,54,"CD4+CD8-",13293
"CCR7+CD45RA-","12828_1_T CELL.fcs","Baylor","12828","1",0.345864661654135,1472,"CD4+CD8-",13293
"CCR7-CD45RA-","12828_1_T CELL.fcs","Baylor","12828","1",0.212640977443609,905,"CD4+CD8-",13293
"CCR7+CD45RA-","12828_1_T CELL.fcs","Baylor","12828","1",0.0708615113201999,241,"CD4-CD8+",15419
"CD4-CD8+","12828_1_T CELL.fcs","Baylor","12828","1",0.424541255773312,3401,"CD3",30937
"CCR7+CD45RA+","12828_1_T CELL.fcs","Baylor","12828","1",0.428806390977444,1825,"CD4+CD8-",13293
"CD3","12828_1_T CELL.fcs","Baylor","12828","1",0.695218259133906,8011,"Live",55285
"CD38+HLADR+","12828_1_T CELL.fcs","Baylor","12828","1",0.0202881505439577,69,"CD4-CD8+",15419
"CCR7-CD45RA-","12828_1_T CELL.fcs","Baylor","12828","1",0.316377536018818,1076,"CD4-CD8+",15419
"Lymphocytes","12828_1_T CELL.fcs","Baylor","12828","1",1,12609,"nonDebris",58093
"CCR7+CD45RA+","12828_1_T CELL.fcs","Baylor","12828","1",0.355777712437518,1210,"CD4-CD8+",15419
"CCR7-CD45RA+","12828_1_T CELL.fcs","Baylor","12828","1",0.256983240223464,874,"CD4-CD8+",15419
"CD38+HLADR+","12828_1_T CELL.fcs","Baylor","12828","1",0.0131578947368421,56,"CD4+CD8-",13293
"CCR7-CD45RA-","12828_1_Tcell_A01.fcs","NHLBI","12828","1",0.246340930605112,3383,"CD4+CD8-",13293
"CD4+CD8-","12828_1_Tcell_A01.fcs","NHLBI","12828","1",0.456079173723888,13733,"CD3",30937
"CD3","12828_1_Tcell_A01.fcs","NHLBI","12828","1",0.618282992135685,30111,"Live",55285
"CCR7-CD45RA+","12828_1_Tcell_A01.fcs","NHLBI","12828","1",0.0378649967232214,520,"CD4+CD8-",13293
"CD4-CD8+","12828_1_Tcell_A01.fcs","NHLBI","12828","1",0.495167878848261,14910,"CD3",30937
"CCR7+CD45RA-","12828_1_Tcell_A01.fcs","NHLBI","12828","1",0.330299279108716,4536,"CD4+CD8-",13293
"Lymphocytes","12828_1_Tcell_A01.fcs","NHLBI","12828","1",1,49758,"nonDebris",58093
"CCR7+CD45RA+","12828_1_Tcell_A01.fcs","NHLBI","12828","1",0.343125419181757,5116,"CD4-CD8+",15419
"CCR7+CD45RA-","12828_1_Tcell_A01.fcs","NHLBI","12828","1",0.0549966465459423,820,"CD4-CD8+",15419
"CCR7+CD45RA+","12828_1_Tcell_A01.fcs","NHLBI","12828","1",0.385494793562951,5294,"CD4+CD8-",13293
"CD38+HLADR+","12828_1_Tcell_A01.fcs","NHLBI","12828","1",0.0254860554867837,350,"CD4+CD8-",13293
"CCR7-CD45RA-","12828_1_Tcell_A01.fcs","NHLBI","12828","1",0.368611670020121,5496,"CD4-CD8+",15419
"CCR7-CD45RA+","12828_1_Tcell_A01.fcs","NHLBI","12828","1",0.23326626425218,3478,"CD4-CD8+",15419
"CD38+HLADR+","12828_1_Tcell_A01.fcs","NHLBI","12828","1",0.0344735077129443,514,"CD4-CD8+",15419
"CCR7-CD45RA-","12828_2_A2_A02.fcs","Yale","12828","2",0.210237838895958,2148,"CD4+CD8-",13293
"CCR7-CD45RA+","12828_2_A2_A02.fcs","Yale","12828","2",0.00792796319859058,81,"CD4+CD8-",13293
"CD3","12828_2_A2_A02.fcs","Yale","12828","2",0.635315462952125,21710,"Live",55285
"CCR7+CD45RA+","12828_2_A2_A02.fcs","Yale","12828","2",0.360134163871586,3758,"CD4-CD8+",15419
"CD4+CD8-","12828_2_A2_A02.fcs","Yale","12828","2",0.470612620912022,10217,"CD3",30937
"Lymphocytes","12828_2_A2_A02.fcs","Yale","12828","2",1,35105,"nonDebris",58093
"CCR7-CD45RA+","12828_2_A2_A02.fcs","Yale","12828","2",0.252036415908002,2630,"CD4-CD8+",15419
"CD4-CD8+","12828_2_A2_A02.fcs","Yale","12828","2",0.48065407646246,10435,"CD3",30937
"CCR7+CD45RA-","12828_2_A2_A02.fcs","Yale","12828","2",0.378095331310561,3863,"CD4+CD8-",13293
"CD38+HLADR+","12828_2_A2_A02.fcs","Yale","12828","2",0.0190858373299403,195,"CD4+CD8-",13293
"CCR7+CD45RA-","12828_2_A2_A02.fcs","Yale","12828","2",0.0718735026353618,750,"CD4-CD8+",15419
"CCR7+CD45RA+","12828_2_A2_A02.fcs","Yale","12828","2",0.403738866594891,4125,"CD4+CD8-",13293
"CD38+HLADR+","12828_2_A2_A02.fcs","Yale","12828","2",0.0107331097268807,112,"CD4-CD8+",15419
"CCR7-CD45RA-","12828_2_A2_A02.fcs","Yale","12828","2",0.31595591758505,3297,"CD4-CD8+",15419
"CCR7-CD45RA-","12828_2_T CELL.fcs","Baylor","12828","2",0.213353776723465,7375,"CD4+CD8-",13293
"CD3","12828_2_T CELL.fcs","Baylor","12828","2",0.705125800752139,71437,"Live",55285
"CCR7-CD45RA+","12828_2_T CELL.fcs","Baylor","12828","2",0.0164029276477565,567,"CD4+CD8-",13293
"CD4+CD8-","12828_2_T CELL.fcs","Baylor","12828","2",0.483880902053558,34567,"CD3",30937
"Lymphocytes","12828_2_T CELL.fcs","Baylor","12828","2",1,110895,"nonDebris",58093
"CCR7+CD45RA+","12828_2_T CELL.fcs","Baylor","12828","2",0.384759726742311,13123,"CD4-CD8+",15419
"CD4-CD8+","12828_2_T CELL.fcs","Baylor","12828","2",0.477441661883898,34107,"CD3",30937
"CCR7+CD45RA-","12828_2_T CELL.fcs","Baylor","12828","2",0.334741227181994,11571,"CD4+CD8-",13293
"CD38+HLADR+","12828_2_T CELL.fcs","Baylor","12828","2",0.0183122631411462,633,"CD4+CD8-",13293
"CCR7-CD45RA+","12828_2_T CELL.fcs","Baylor","12828","2",0.246606268507931,8411,"CD4-CD8+",15419
"CCR7+CD45RA-","12828_2_T CELL.fcs","Baylor","12828","2",0.0674055179288709,2299,"CD4-CD8+",15419
"CCR7+CD45RA+","12828_2_T CELL.fcs","Baylor","12828","2",0.435502068446785,15054,"CD4+CD8-",13293
"CD38+HLADR+","12828_2_T CELL.fcs","Baylor","12828","2",0.0395519981235523,1349,"CD4-CD8+",15419
"CCR7-CD45RA-","12828_2_T CELL.fcs","Baylor","12828","2",0.301228486820887,10274,"CD4-CD8+",15419
"CD4+CD8-","12828_2_Tcell_A02.fcs","NHLBI","12828","2",0.460389447478627,23856,"CD3",30937
"CCR7-CD45RA+","12828_2_Tcell_A02.fcs","NHLBI","12828","2",0.0443075117370892,1057,"CD4+CD8-",13293
"CCR7+CD45RA-","12828_2_Tcell_A02.fcs","NHLBI","12828","2",0.315560026827632,7528,"CD4+CD8-",13293
"CCR7-CD45RA-","12828_2_Tcell_A02.fcs","NHLBI","12828","2",0.267354124748491,6378,"CD4+CD8-",13293
"CCR7+CD45RA+","12828_2_Tcell_A02.fcs","NHLBI","12828","2",0.335149451381006,8858,"CD4-CD8+",15419
"CD4-CD8+","12828_2_Tcell_A02.fcs","NHLBI","12828","2",0.510064264623579,26430,"CD3",30937
"CCR7+CD45RA+","12828_2_Tcell_A02.fcs","NHLBI","12828","2",0.372778336686787,8893,"CD4+CD8-",13293
"CD3","12828_2_Tcell_A02.fcs","NHLBI","12828","2",0.631629630532565,51817,"Live",55285
"CCR7-CD45RA+","12828_2_Tcell_A02.fcs","NHLBI","12828","2",0.241468028755202,6382,"CD4-CD8+",15419
"CCR7+CD45RA-","12828_2_Tcell_A02.fcs","NHLBI","12828","2",0.0500945894816496,1324,"CD4-CD8+",15419
"CCR7-CD45RA-","12828_2_Tcell_A02.fcs","NHLBI","12828","2",0.373287930382142,9866,"CD4-CD8+",15419
"Lymphocytes","12828_2_Tcell_A02.fcs","NHLBI","12828","2",1,83563,"nonDebris",58093
"CD38+HLADR+","12828_2_Tcell_A02.fcs","NHLBI","12828","2",0.0302649228705567,722,"CD4+CD8-",13293
"CD38+HLADR+","12828_2_Tcell_A02.fcs","NHLBI","12828","2",0.0377601210745365,998,"CD4-CD8+",15419
"CCR7+CD45RA-","12828_3_A3_A03.fcs","Yale","12828","3",0.377367654201068,3885,"CD4+CD8-",13293
"CCR7-CD45RA-","12828_3_A3_A03.fcs","Yale","12828","3",0.209713453132589,2159,"CD4+CD8-",13293
"CD4+CD8-","12828_3_A3_A03.fcs","Yale","12828","3",0.46288386313565,10295,"CD3",30937
"CCR7+CD45RA+","12828_3_A3_A03.fcs","Yale","12828","3",0.405536668285575,4175,"CD4+CD8-",13293
"CD3","12828_3_A3_A03.fcs","Yale","12828","3",0.642803468208093,22241,"Live",55285
"CCR7-CD45RA+","12828_3_A3_A03.fcs","Yale","12828","3",0.00738222438076736,76,"CD4+CD8-",13293
"Lymphocytes","12828_3_A3_A03.fcs","Yale","12828","3",1,35509,"nonDebris",58093
"CCR7+CD45RA+","12828_3_A3_A03.fcs","Yale","12828","3",0.338317585542611,3688,"CD4-CD8+",15419
"CCR7+CD45RA-","12828_3_A3_A03.fcs","Yale","12828","3",0.0705439867902027,769,"CD4-CD8+",15419
"CD4-CD8+","12828_3_A3_A03.fcs","Yale","12828","3",0.490130839440673,10901,"CD3",30937
"CD38+HLADR+","12828_3_A3_A03.fcs","Yale","12828","3",0.0175813501699854,181,"CD4+CD8-",13293
"CCR7-CD45RA+","12828_3_A3_A03.fcs","Yale","12828","3",0.266489312907073,2905,"CD4-CD8+",15419
"CCR7-CD45RA-","12828_3_A3_A03.fcs","Yale","12828","3",0.324649114760114,3539,"CD4-CD8+",15419
"CD38+HLADR+","12828_3_A3_A03.fcs","Yale","12828","3",0.0104577561691588,114,"CD4-CD8+",15419
"CD4-CD8+","12828_3_T CELL.fcs","Baylor","12828","3",0.458832802390883,27942,"CD3",30937
"CD4+CD8-","12828_3_T CELL.fcs","Baylor","12828","3",0.501888403560051,30564,"CD3",30937
"Lymphocytes","12828_3_T CELL.fcs","Baylor","12828","3",1,94668,"nonDebris",58093
"CCR7+CD45RA-","12828_3_T CELL.fcs","Baylor","12828","3",0.331893731187017,10144,"CD4+CD8-",13293
"CCR7-CD45RA-","12828_3_T CELL.fcs","Baylor","12828","3",0.199581206648344,6100,"CD4+CD8-",13293
"CCR7-CD45RA+","12828_3_T CELL.fcs","Baylor","12828","3",0.0161628059154561,494,"CD4+CD8-",13293
"CD38+HLADR+","12828_3_T CELL.fcs","Baylor","12828","3",0.0205797670461981,629,"CD4+CD8-",13293
"CCR7+CD45RA+","12828_3_T CELL.fcs","Baylor","12828","3",0.452362256249182,13826,"CD4+CD8-",13293
"CD3","12828_3_T CELL.fcs","Baylor","12828","3",0.707581479114623,60898,"Live",55285
"CCR7-CD45RA-","12828_3_T CELL.fcs","Baylor","12828","3",0.294968148307208,8242,"CD4-CD8+",15419
"CCR7-CD45RA+","12828_3_T CELL.fcs","Baylor","12828","3",0.245293822918903,6854,"CD4-CD8+",15419
"CCR7+CD45RA+","12828_3_T CELL.fcs","Baylor","12828","3",0.396893565242288,11090,"CD4-CD8+",15419
"CCR7+CD45RA-","12828_3_T CELL.fcs","Baylor","12828","3",0.0628444635316012,1756,"CD4-CD8+",15419
"CD38+HLADR+","12828_3_T CELL.fcs","Baylor","12828","3",0.0401188175506406,1121,"CD4-CD8+",15419
"CCR7+CD45RA+","12828_3_Tcell_A03.fcs","NHLBI","12828","3",0.335615652373484,8774,"CD4-CD8+",15419
"CCR7+CD45RA-","12828_3_Tcell_A03.fcs","NHLBI","12828","3",0.314744207483136,7512,"CD4+CD8-",13293
"CD4+CD8-","12828_3_Tcell_A03.fcs","NHLBI","12828","3",0.45522516164718,23867,"CD3",30937
"CCR7-CD45RA+","12828_3_Tcell_A03.fcs","NHLBI","12828","3",0.0430301252775799,1027,"CD4+CD8-",13293
"CD38+HLADR+","12828_3_Tcell_A03.fcs","NHLBI","12828","3",0.0347703018016295,909,"CD4-CD8+",15419
"CCR7+CD45RA+","12828_3_Tcell_A03.fcs","NHLBI","12828","3",0.377676289437298,9014,"CD4+CD8-",13293
"CCR7-CD45RA-","12828_3_Tcell_A03.fcs","NHLBI","12828","3",0.264549377801986,6314,"CD4+CD8-",13293
"CCR7+CD45RA-","12828_3_Tcell_A03.fcs","NHLBI","12828","3",0.052404085223578,1370,"CD4-CD8+",15419
"CD4-CD8+","12828_3_Tcell_A03.fcs","NHLBI","12828","3",0.498636250929829,26143,"CD3",30937
"CD38+HLADR+","12828_3_Tcell_A03.fcs","NHLBI","12828","3",0.0279884359156995,668,"CD4+CD8-",13293
"Lymphocytes","12828_3_Tcell_A03.fcs","NHLBI","12828","3",1,85700,"nonDebris",58093
"CCR7-CD45RA-","12828_3_Tcell_A03.fcs","NHLBI","12828","3",0.367096354664729,9597,"CD4-CD8+",15419
"CCR7-CD45RA+","12828_3_Tcell_A03.fcs","NHLBI","12828","3",0.244883907738209,6402,"CD4-CD8+",15419
"CD3","12828_3_Tcell_A03.fcs","NHLBI","12828","3",0.623449670016053,52429,"Live",55285
"CCR7+CD45RA-","1349_1_A4_A04.fcs","Yale","1349","1",0.0499370541334452,357,"CD4-CD8+",15419
"CD38+HLADR+","1349_1_A4_A04.fcs","Yale","1349","1",0.00797314309693663,57,"CD4-CD8+",15419
"CCR7-CD45RA-","1349_1_A4_A04.fcs","Yale","1349","1",0.269408308854385,1926,"CD4-CD8+",15419
"CCR7+CD45RA+","1349_1_A4_A04.fcs","Yale","1349","1",0.481745698699119,3444,"CD4-CD8+",15419
"CCR7+CD45RA-","1349_1_A4_A04.fcs","Yale","1349","1",0.363013698630137,3657,"CD4+CD8-",13293
"CCR7-CD45RA-","1349_1_A4_A04.fcs","Yale","1349","1",0.34345840778241,3460,"CD4+CD8-",13293
"Lymphocytes","1349_1_A4_A04.fcs","Yale","1349","1",1,26250,"nonDebris",58093
"CCR7-CD45RA+","1349_1_A4_A04.fcs","Yale","1349","1",0.030573754218781,308,"CD4+CD8-",13293
"CD4-CD8+","1349_1_A4_A04.fcs","Yale","1349","1",0.378053939714437,7149,"CD3",30937
"CCR7+CD45RA+","1349_1_A4_A04.fcs","Yale","1349","1",0.262954139368672,2649,"CD4+CD8-",13293
"CD4+CD8-","1349_1_A4_A04.fcs","Yale","1349","1",0.532734003172924,10074,"CD3",30937
"CCR7-CD45RA+","1349_1_A4_A04.fcs","Yale","1349","1",0.198908938313051,1422,"CD4-CD8+",15419
"CD38+HLADR+","1349_1_A4_A04.fcs","Yale","1349","1",0.0148898153662895,150,"CD4+CD8-",13293
"CD3","1349_1_A4_A04.fcs","Yale","1349","1",0.733514352211016,18910,"Live",55285
"CCR7-CD45RA-","1349_1_T CELL.fcs","Baylor","1349","1",0.277694008845999,5525,"CD4-CD8+",15419
"CD4+CD8-","1349_1_T CELL.fcs","Baylor","1349","1",0.537599297280782,28153,"CD3",30937
"CCR7-CD45RA+","1349_1_T CELL.fcs","Baylor","1349","1",0.158021712907117,3144,"CD4-CD8+",15419
"CCR7+CD45RA-","1349_1_T CELL.fcs","Baylor","1349","1",0.0580518697225573,1155,"CD4-CD8+",15419
"CCR7+CD45RA+","1349_1_T CELL.fcs","Baylor","1349","1",0.293325755692111,8258,"CD4+CD8-",13293
"CD3","1349_1_T CELL.fcs","Baylor","1349","1",0.767521618056573,52368,"Live",55285
"Lymphocytes","1349_1_T CELL.fcs","Baylor","1349","1",1,73927,"nonDebris",58093
"CD4-CD8+","1349_1_T CELL.fcs","Baylor","1349","1",0.379926672777269,19896,"CD3",30937
"CD38+HLADR+","1349_1_T CELL.fcs","Baylor","1349","1",0.0181863389336838,512,"CD4+CD8-",13293
"CCR7+CD45RA+","1349_1_T CELL.fcs","Baylor","1349","1",0.506232408524326,10072,"CD4-CD8+",15419
"CCR7+CD45RA-","1349_1_T CELL.fcs","Baylor","1349","1",0.383369445529784,10793,"CD4+CD8-",13293
"CD38+HLADR+","1349_1_T CELL.fcs","Baylor","1349","1",0.0385504624045034,767,"CD4-CD8+",15419
"CCR7-CD45RA-","1349_1_T CELL.fcs","Baylor","1349","1",0.282101374631478,7942,"CD4+CD8-",13293
"CCR7-CD45RA+","1349_1_T CELL.fcs","Baylor","1349","1",0.0412034241466274,1160,"CD4+CD8-",13293
"CCR7-CD45RA+","1349_1_Tcell_A04.fcs","NHLBI","1349","1",0.183505496326576,3322,"CD4-CD8+",15419
"CD3","1349_1_Tcell_A04.fcs","NHLBI","1349","1",0.641769570319048,45943,"Live",55285
"CD38+HLADR+","1349_1_Tcell_A04.fcs","NHLBI","1349","1",0.0553499419985638,1002,"CD4-CD8+",15419
"CCR7+CD45RA-","1349_1_Tcell_A04.fcs","NHLBI","1349","1",0.430706984667802,10113,"CD4+CD8-",13293
"CCR7+CD45RA+","1349_1_Tcell_A04.fcs","NHLBI","1349","1",0.279940374787053,6573,"CD4+CD8-",13293
"Lymphocytes","1349_1_Tcell_A04.fcs","NHLBI","1349","1",1,74169,"nonDebris",58093
"CCR7+CD45RA+","1349_1_Tcell_A04.fcs","NHLBI","1349","1",0.432690714246258,7833,"CD4-CD8+",15419
"CD38+HLADR+","1349_1_Tcell_A04.fcs","NHLBI","1349","1",0.0239352640545145,562,"CD4+CD8-",13293
"CCR7-CD45RA-","1349_1_Tcell_A04.fcs","NHLBI","1349","1",0.348837209302326,6315,"CD4-CD8+",15419
"CD4+CD8-","1349_1_Tcell_A04.fcs","NHLBI","1349","1",0.511068062599308,23480,"CD3",30937
"CCR7+CD45RA-","1349_1_Tcell_A04.fcs","NHLBI","1349","1",0.0349665801248412,633,"CD4-CD8+",15419
"CCR7-CD45RA-","1349_1_Tcell_A04.fcs","NHLBI","1349","1",0.256431005110733,6021,"CD4+CD8-",13293
"CCR7-CD45RA+","1349_1_Tcell_A04.fcs","NHLBI","1349","1",0.0329216354344123,773,"CD4+CD8-",13293
"CD4-CD8+","1349_1_Tcell_A04.fcs","NHLBI","1349","1",0.394031734975948,18103,"CD3",30937
"CCR7-CD45RA+","1349_2_A5_A05.fcs","Yale","1349","2",0.0358291226458429,390,"CD4+CD8-",13293
"CD38+HLADR+","1349_2_A5_A05.fcs","Yale","1349","2",0.00836707152496626,62,"CD4-CD8+",15419
"CCR7-CD45RA-","1349_2_A5_A05.fcs","Yale","1349","2",0.342122186495177,3724,"CD4+CD8-",13293
"CD38+HLADR+","1349_2_A5_A05.fcs","Yale","1349","2",0.0165365181442352,180,"CD4+CD8-",13293
"Lymphocytes","1349_2_A5_A05.fcs","Yale","1349","2",1,27978,"nonDebris",58093
"CCR7+CD45RA+","1349_2_A5_A05.fcs","Yale","1349","2",0.46531713900135,3448,"CD4-CD8+",15419
"CCR7+CD45RA-","1349_2_A5_A05.fcs","Yale","1349","2",0.369315571887919,4020,"CD4+CD8-",13293
"CCR7-CD45RA-","1349_2_A5_A05.fcs","Yale","1349","2",0.267611336032389,1983,"CD4-CD8+",15419
"CCR7+CD45RA+","1349_2_A5_A05.fcs","Yale","1349","2",0.252733118971061,2751,"CD4+CD8-",13293
"CD4+CD8-","1349_2_A5_A05.fcs","Yale","1349","2",0.541919745096087,10885,"CD3",30937
"CCR7+CD45RA-","1349_2_A5_A05.fcs","Yale","1349","2",0.0446693657219973,331,"CD4-CD8+",15419
"CCR7-CD45RA+","1349_2_A5_A05.fcs","Yale","1349","2",0.222402159244265,1648,"CD4-CD8+",15419
"CD4-CD8+","1349_2_A5_A05.fcs","Yale","1349","2",0.368913671213781,7410,"CD3",30937
"CD3","1349_2_A5_A05.fcs","Yale","1349","2",0.730001817190623,20086,"Live",55285
"CCR7-CD45RA-","1349_2_T CELL.fcs","Baylor","1349","2",0.302738489316882,10060,"CD4+CD8-",13293
"Lymphocytes","1349_2_T CELL.fcs","Baylor","1349","2",1,92131,"nonDebris",58093
"CCR7-CD45RA+","1349_2_T CELL.fcs","Baylor","1349","2",0.16219028939679,4052,"CD4-CD8+",15419
"CCR7+CD45RA-","1349_2_T CELL.fcs","Baylor","1349","2",0.382214866084863,12701,"CD4+CD8-",13293
"CCR7-CD45RA+","1349_2_T CELL.fcs","Baylor","1349","2",0.0421005115859163,1399,"CD4+CD8-",13293
"CCR7+CD45RA-","1349_2_T CELL.fcs","Baylor","1349","2",0.0590801745186727,1476,"CD4-CD8+",15419
"CD38+HLADR+","1349_2_T CELL.fcs","Baylor","1349","2",0.056638514189649,1415,"CD4-CD8+",15419
"CD4+CD8-","1349_2_T CELL.fcs","Baylor","1349","2",0.523587432641099,33230,"CD3",30937
"CD38+HLADR+","1349_2_T CELL.fcs","Baylor","1349","2",0.0189888654829973,631,"CD4+CD8-",13293
"CCR7-CD45RA-","1349_2_T CELL.fcs","Baylor","1349","2",0.284913741344114,7118,"CD4-CD8+",15419
"CCR7+CD45RA+","1349_2_T CELL.fcs","Baylor","1349","2",0.272946133012338,9070,"CD4+CD8-",13293
"CD3","1349_2_T CELL.fcs","Baylor","1349","2",0.742804976533514,63466,"Live",55285
"CCR7+CD45RA+","1349_2_T CELL.fcs","Baylor","1349","2",0.493815794740423,12337,"CD4-CD8+",15419
"CD4-CD8+","1349_2_T CELL.fcs","Baylor","1349","2",0.393643840796647,24983,"CD3",30937
"CCR7-CD45RA+","1349_2_Tcell_A05.fcs","NHLBI","1349","2",0.0329824561403509,752,"CD4+CD8-",13293
"CCR7-CD45RA+","1349_2_Tcell_A05.fcs","NHLBI","1349","2",0.189196979304779,3282,"CD4-CD8+",15419
"CD4+CD8-","1349_2_Tcell_A05.fcs","NHLBI","1349","2",0.510089936909929,22800,"CD3",30937
"CD3","1349_2_Tcell_A05.fcs","NHLBI","1349","2",0.623029424473468,44698,"Live",55285
"CCR7-CD45RA-","1349_2_Tcell_A05.fcs","NHLBI","1349","2",0.26359649122807,6010,"CD4+CD8-",13293
"Lymphocytes","1349_2_Tcell_A05.fcs","NHLBI","1349","2",1,74638,"nonDebris",58093
"CD38+HLADR+","1349_2_Tcell_A05.fcs","NHLBI","1349","2",0.0528621663688246,917,"CD4-CD8+",15419
"CCR7+CD45RA-","1349_2_Tcell_A05.fcs","NHLBI","1349","2",0.425175438596491,9694,"CD4+CD8-",13293
"CD38+HLADR+","1349_2_Tcell_A05.fcs","NHLBI","1349","2",0.0246052631578947,561,"CD4+CD8-",13293
"CCR7+CD45RA-","1349_2_Tcell_A05.fcs","NHLBI","1349","2",0.0325128264253185,564,"CD4-CD8+",15419
"CCR7+CD45RA+","1349_2_Tcell_A05.fcs","NHLBI","1349","2",0.278245614035088,6344,"CD4+CD8-",13293
"CD4-CD8+","1349_2_Tcell_A05.fcs","NHLBI","1349","2",0.388093426998971,17347,"CD3",30937
"CCR7+CD45RA+","1349_2_Tcell_A05.fcs","NHLBI","1349","2",0.440249034415173,7637,"CD4-CD8+",15419
"CCR7-CD45RA-","1349_2_Tcell_A05.fcs","NHLBI","1349","2",0.33804115985473,5864,"CD4-CD8+",15419
"CCR7-CD45RA+","1349_3_A6_A06.fcs","Yale","1349","3",0.0304455154578582,259,"CD4+CD8-",13293
"CCR7-CD45RA-","1349_3_A6_A06.fcs","Yale","1349","3",0.33913247913483,2885,"CD4+CD8-",13293
"CD3","1349_3_A6_A06.fcs","Yale","1349","3",0.730781327222896,16265,"Live",55285
"CD38+HLADR+","1349_3_A6_A06.fcs","Yale","1349","3",0.00844013754298218,54,"CD4-CD8+",15419
"CCR7-CD45RA+","1349_3_A6_A06.fcs","Yale","1349","3",0.196780243826196,1259,"CD4-CD8+",15419
"CD4+CD8-","1349_3_A6_A06.fcs","Yale","1349","3",0.523024900092223,8507,"CD3",30937
"Lymphocytes","1349_3_A6_A06.fcs","Yale","1349","3",1,22673,"nonDebris",58093
"CCR7+CD45RA+","1349_3_A6_A06.fcs","Yale","1349","3",0.260491360056424,2216,"CD4+CD8-",13293
"CCR7+CD45RA-","1349_3_A6_A06.fcs","Yale","1349","3",0.369930645350887,3147,"CD4+CD8-",13293
"CD38+HLADR+","1349_3_A6_A06.fcs","Yale","1349","3",0.0134007288115669,114,"CD4+CD8-",13293
"CCR7+CD45RA-","1349_3_A6_A06.fcs","Yale","1349","3",0.0497030321975617,318,"CD4-CD8+",15419
"CCR7-CD45RA-","1349_3_A6_A06.fcs","Yale","1349","3",0.263050953422945,1683,"CD4-CD8+",15419
"CD4-CD8+","1349_3_A6_A06.fcs","Yale","1349","3",0.393359975407316,6398,"CD3",30937
"CCR7+CD45RA+","1349_3_A6_A06.fcs","Yale","1349","3",0.490465770553298,3138,"CD4-CD8+",15419
"CCR7-CD45RA+","1349_3_T CELL.fcs","Baylor","1349","3",0.155601052939456,3724,"CD4-CD8+",15419
"CCR7-CD45RA+","1349_3_T CELL.fcs","Baylor","1349","3",0.0400466801793502,1304,"CD4+CD8-",13293
"CCR7-CD45RA-","1349_3_T CELL.fcs","Baylor","1349","3",0.308119894355384,10033,"CD4+CD8-",13293
"CCR7+CD45RA-","1349_3_T CELL.fcs","Baylor","1349","3",0.380566304281064,12392,"CD4+CD8-",13293
"CD4+CD8-","1349_3_T CELL.fcs","Baylor","1349","3",0.529196665095643,32562,"CD3",30937
"CD3","1349_3_T CELL.fcs","Baylor","1349","3",0.753096543620875,61531,"Live",55285
"CD38+HLADR+","1349_3_T CELL.fcs","Baylor","1349","3",0.0424518447332136,1016,"CD4-CD8+",15419
"CD4-CD8+","1349_3_T CELL.fcs","Baylor","1349","3",0.388958411207359,23933,"CD3",30937
"CD38+HLADR+","1349_3_T CELL.fcs","Baylor","1349","3",0.0180271482095694,587,"CD4+CD8-",13293
"Lymphocytes","1349_3_T CELL.fcs","Baylor","1349","3",1,87351,"nonDebris",58093
"CCR7+CD45RA+","1349_3_T CELL.fcs","Baylor","1349","3",0.271267121184202,8833,"CD4+CD8-",13293
"CCR7+CD45RA+","1349_3_T CELL.fcs","Baylor","1349","3",0.480549868382568,11501,"CD4-CD8+",15419
"CCR7-CD45RA-","1349_3_T CELL.fcs","Baylor","1349","3",0.301675510800986,7220,"CD4-CD8+",15419
"CCR7+CD45RA-","1349_3_T CELL.fcs","Baylor","1349","3",0.0621735678769899,1488,"CD4-CD8+",15419
"CCR7-CD45RA+","1349_3_Tcell_A06.fcs","NHLBI","1349","3",0.0332726222735552,749,"CD4+CD8-",13293
"CCR7-CD45RA-","1349_3_Tcell_A06.fcs","NHLBI","1349","3",0.268668650881791,6048,"CD4+CD8-",13293
"CCR7-CD45RA+","1349_3_Tcell_A06.fcs","NHLBI","1349","3",0.1823386537127,3153,"CD4-CD8+",15419
"CD4+CD8-","1349_3_Tcell_A06.fcs","NHLBI","1349","3",0.509552265833673,22511,"CD3",30937
"CD3","1349_3_Tcell_A06.fcs","NHLBI","1349","3",0.628170856557843,44178,"Live",55285
"CD38+HLADR+","1349_3_Tcell_A06.fcs","NHLBI","1349","3",0.0550543603978719,952,"CD4-CD8+",15419
"CCR7+CD45RA-","1349_3_Tcell_A06.fcs","NHLBI","1349","3",0.416685176136111,9380,"CD4+CD8-",13293
"CD38+HLADR+","1349_3_Tcell_A06.fcs","NHLBI","1349","3",0.0228332815068189,514,"CD4+CD8-",13293
"Lymphocytes","1349_3_Tcell_A06.fcs","NHLBI","1349","3",1,73043,"nonDebris",58093
"CCR7+CD45RA+","1349_3_Tcell_A06.fcs","NHLBI","1349","3",0.281373550708542,6334,"CD4+CD8-",13293
"CD4-CD8+","1349_3_Tcell_A06.fcs","NHLBI","1349","3",0.391416542170311,17292,"CD3",30937
"CCR7-CD45RA-","1349_3_Tcell_A06.fcs","NHLBI","1349","3",0.34969928290539,6047,"CD4-CD8+",15419
"CCR7+CD45RA-","1349_3_Tcell_A06.fcs","NHLBI","1349","3",0.0338885033541522,586,"CD4-CD8+",15419
"CCR7+CD45RA+","1349_3_Tcell_A06.fcs","NHLBI","1349","3",0.434073560027758,7506,"CD4-CD8+",15419
"CCR7-CD45RA+","1349-1_A4_A04.fcs","Stanford","1349","1",0.0327707281015153,532,"CD4+CD8-",13293
"CCR7-CD45RA+","1349-1_A4_A04.fcs","Stanford","1349","1",0.135408944897455,1644,"CD4-CD8+",15419
"CD4+CD8-","1349-1_A4_A04.fcs","Stanford","1349","1",0.503879818734869,16234,"CD3",30937
"CD3","1349-1_A4_A04.fcs","Stanford","1349","1",0.750058201797271,32218,"Live",55285
"CCR7-CD45RA-","1349-1_A4_A04.fcs","Stanford","1349","1",0.316373044228163,5136,"CD4+CD8-",13293
"CCR7+CD45RA-","1349-1_A4_A04.fcs","Stanford","1349","1",0.399223851176543,6481,"CD4+CD8-",13293
"CD38+HLADR+","1349-1_A4_A04.fcs","Stanford","1349","1",0.0210052975237157,341,"CD4+CD8-",13293
"Lymphocytes","1349-1_A4_A04.fcs","Stanford","1349","1",1,45745,"nonDebris",58093
"CD38+HLADR+","1349-1_A4_A04.fcs","Stanford","1349","1",0.00889547813194959,108,"CD4-CD8+",15419
"CD4-CD8+","1349-1_A4_A04.fcs","Stanford","1349","1",0.376839034080328,12141,"CD3",30937
"CCR7-CD45RA-","1349-1_A4_A04.fcs","Stanford","1349","1",0.288773577135327,3506,"CD4-CD8+",15419
"CCR7+CD45RA-","1349-1_A4_A04.fcs","Stanford","1349","1",0.0453834115805947,551,"CD4-CD8+",15419
"CCR7+CD45RA+","1349-1_A4_A04.fcs","Stanford","1349","1",0.251632376493779,4085,"CD4+CD8-",13293
"CCR7+CD45RA+","1349-1_A4_A04.fcs","Stanford","1349","1",0.530434066386624,6440,"CD4-CD8+",15419
"CCR7-CD45RA-","1349-2_A5_A05.fcs","Stanford","1349","2",0.307395898073338,4946,"CD4+CD8-",13293
"CCR7-CD45RA+","1349-2_A5_A05.fcs","Stanford","1349","2",0.135730759374733,1589,"CD4-CD8+",15419
"CD4+CD8-","1349-2_A5_A05.fcs","Stanford","1349","2",0.509531952625245,16090,"CD3",30937
"CCR7-CD45RA+","1349-2_A5_A05.fcs","Stanford","1349","2",0.0316345556246116,509,"CD4+CD8-",13293
"CCR7+CD45RA-","1349-2_A5_A05.fcs","Stanford","1349","2",0.395463020509633,6363,"CD4+CD8-",13293
"CD38+HLADR+","1349-2_A5_A05.fcs","Stanford","1349","2",0.0233685518955873,376,"CD4+CD8-",13293
"Lymphocytes","1349-2_A5_A05.fcs","Stanford","1349","2",1,44668,"nonDebris",58093
"CD3","1349-2_A5_A05.fcs","Stanford","1349","2",0.754101492537313,31578,"Live",55285
"CD4-CD8+","1349-2_A5_A05.fcs","Stanford","1349","2",0.370732788650326,11707,"CD3",30937
"CCR7-CD45RA-","1349-2_A5_A05.fcs","Stanford","1349","2",0.275219953873751,3222,"CD4-CD8+",15419
"CCR7+CD45RA-","1349-2_A5_A05.fcs","Stanford","1349","2",0.0439907747501495,515,"CD4-CD8+",15419
"CD38+HLADR+","1349-2_A5_A05.fcs","Stanford","1349","2",0.00854189800973776,100,"CD4-CD8+",15419
"CCR7+CD45RA+","1349-2_A5_A05.fcs","Stanford","1349","2",0.545058512001367,6381,"CD4-CD8+",15419
"CCR7+CD45RA+","1349-2_A5_A05.fcs","Stanford","1349","2",0.265506525792418,4272,"CD4+CD8-",13293
"CCR7-CD45RA+","1349-3_A6_A06.fcs","Stanford","1349","3",0.127482517482517,1823,"CD4-CD8+",15419
"Lymphocytes","1349-3_A6_A06.fcs","Stanford","1349","3",1,53679,"nonDebris",58093
"CCR7-CD45RA-","1349-3_A6_A06.fcs","Stanford","1349","3",0.317859378259962,6094,"CD4+CD8-",13293
"CCR7+CD45RA-","1349-3_A6_A06.fcs","Stanford","1349","3",0.38999582724807,7477,"CD4+CD8-",13293
"CD4+CD8-","1349-3_A6_A06.fcs","Stanford","1349","3",0.505590717299578,19172,"CD3",30937
"CCR7-CD45RA+","1349-3_A6_A06.fcs","Stanford","1349","3",0.0340079282286668,652,"CD4+CD8-",13293
"CD38+HLADR+","1349-3_A6_A06.fcs","Stanford","1349","3",0.00958041958041958,137,"CD4-CD8+",15419
"CD4-CD8+","1349-3_A6_A06.fcs","Stanford","1349","3",0.37710970464135,14300,"CD3",30937
"CD38+HLADR+","1349-3_A6_A06.fcs","Stanford","1349","3",0.0207594408512414,398,"CD4+CD8-",13293
"CD3","1349-3_A6_A06.fcs","Stanford","1349","3",0.754131615058767,37920,"Live",55285
"CCR7+CD45RA+","1349-3_A6_A06.fcs","Stanford","1349","3",0.258136866263301,4949,"CD4+CD8-",13293
"CCR7+CD45RA+","1349-3_A6_A06.fcs","Stanford","1349","3",0.538111888111888,7695,"CD4-CD8+",15419
"CCR7-CD45RA-","1349-3_A6_A06.fcs","Stanford","1349","3",0.289020979020979,4133,"CD4-CD8+",15419
"CCR7+CD45RA-","1349-3_A6_A06.fcs","Stanford","1349","3",0.0453846153846154,649,"CD4-CD8+",15419
"CCR7-CD45RA-","1369_1_A7_A07.fcs","Yale","1369","1",0.188796992481203,2511,"CD4+CD8-",13293
"CD38+HLADR+","1369_1_A7_A07.fcs","Yale","1369","1",0.0143934201507882,63,"CD4-CD8+",15419
"CCR7+CD45RA-","1369_1_A7_A07.fcs","Yale","1369","1",0.294360902255639,3915,"CD4+CD8-",13293
"Lymphocytes","1369_1_A7_A07.fcs","Yale","1369","1",1,27660,"nonDebris",58093
"CD38+HLADR+","1369_1_A7_A07.fcs","Yale","1369","1",0.00503759398496241,67,"CD4+CD8-",13293
"CCR7-CD45RA+","1369_1_A7_A07.fcs","Yale","1369","1",0.04592186429061,201,"CD4-CD8+",15419
"CD4+CD8-","1369_1_A7_A07.fcs","Yale","1369","1",0.661526983337478,13300,"CD3",30937
"CCR7-CD45RA+","1369_1_A7_A07.fcs","Yale","1369","1",0.0115789473684211,154,"CD4+CD8-",13293
"CCR7+CD45RA-","1369_1_A7_A07.fcs","Yale","1369","1",0.119031299977153,521,"CD4-CD8+",15419
"CCR7+CD45RA+","1369_1_A7_A07.fcs","Yale","1369","1",0.505263157894737,6720,"CD4+CD8-",13293
"CD3","1369_1_A7_A07.fcs","Yale","1369","1",0.74103424127382,20105,"Live",55285
"CCR7+CD45RA+","1369_1_A7_A07.fcs","Yale","1369","1",0.488005483207677,2136,"CD4-CD8+",15419
"CD4-CD8+","1369_1_A7_A07.fcs","Yale","1369","1",0.217707038050236,4377,"CD3",30937
"CCR7-CD45RA-","1369_1_A7_A07.fcs","Yale","1369","1",0.34704135252456,1519,"CD4-CD8+",15419
"CCR7+CD45RA+","1369_1_T CELL.fcs","Baylor","1369","1",0.436536180308422,4416,"CD4-CD8+",15419
"CCR7-CD45RA+","1369_1_T CELL.fcs","Baylor","1369","1",0.00767362455559858,218,"CD4+CD8-",13293
"Lymphocytes","1369_1_T CELL.fcs","Baylor","1369","1",1,60561,"nonDebris",58093
"CCR7-CD45RA+","1369_1_T CELL.fcs","Baylor","1369","1",0.0278766310794781,282,"CD4-CD8+",15419
"CD38+HLADR+","1369_1_T CELL.fcs","Baylor","1369","1",0.01562885001232,444,"CD4+CD8-",13293
"CD38+HLADR+","1369_1_T CELL.fcs","Baylor","1369","1",0.0348952155001977,353,"CD4-CD8+",15419
"CCR7+CD45RA+","1369_1_T CELL.fcs","Baylor","1369","1",0.434721391108452,12350,"CD4+CD8-",13293
"CD4+CD8-","1369_1_T CELL.fcs","Baylor","1369","1",0.662956221413236,28409,"CD3",30937
"CCR7+CD45RA-","1369_1_T CELL.fcs","Baylor","1369","1",0.190292605773033,1925,"CD4-CD8+",15419
"CCR7+CD45RA-","1369_1_T CELL.fcs","Baylor","1369","1",0.357985145552466,10170,"CD4+CD8-",13293
"CCR7-CD45RA-","1369_1_T CELL.fcs","Baylor","1369","1",0.345294582839067,3493,"CD4-CD8+",15419
"CD4-CD8+","1369_1_T CELL.fcs","Baylor","1369","1",0.236068328199384,10116,"CD3",30937
"CD3","1369_1_T CELL.fcs","Baylor","1369","1",0.752634537024027,42852,"Live",55285
"CCR7-CD45RA-","1369_1_T CELL.fcs","Baylor","1369","1",0.199619838783484,5671,"CD4+CD8-",13293
"CCR7+CD45RA-","1369_1_Tcell_A07.fcs","NHLBI","1369","1",0.110173357664234,1449,"CD4-CD8+",15419
"CCR7-CD45RA-","1369_1_Tcell_A07.fcs","NHLBI","1369","1",0.454379562043796,5976,"CD4-CD8+",15419
"CCR7+CD45RA+","1369_1_Tcell_A07.fcs","NHLBI","1369","1",0.36389902676399,4786,"CD4-CD8+",15419
"CD38+HLADR+","1369_1_Tcell_A07.fcs","NHLBI","1369","1",0.0152697246592392,503,"CD4+CD8-",13293
"CD38+HLADR+","1369_1_Tcell_A07.fcs","NHLBI","1369","1",0.0361161800486618,475,"CD4-CD8+",15419
"CCR7-CD45RA-","1369_1_Tcell_A07.fcs","NHLBI","1369","1",0.171670562520871,5655,"CD4+CD8-",13293
"CCR7-CD45RA+","1369_1_Tcell_A07.fcs","NHLBI","1369","1",0.0715480535279805,941,"CD4-CD8+",15419
"CD4-CD8+","1369_1_Tcell_A07.fcs","NHLBI","1369","1",0.243627741553053,13152,"CD3",30937
"CCR7+CD45RA-","1369_1_Tcell_A07.fcs","NHLBI","1369","1",0.38222883336875,12591,"CD4+CD8-",13293
"CCR7+CD45RA+","1369_1_Tcell_A07.fcs","NHLBI","1369","1",0.43432196958198,14307,"CD4+CD8-",13293
"CD4+CD8-","1369_1_Tcell_A07.fcs","NHLBI","1369","1",0.610199318316538,32941,"CD3",30937
"CD3","1369_1_Tcell_A07.fcs","NHLBI","1369","1",0.721711229946524,53984,"Live",55285
"CCR7-CD45RA+","1369_1_Tcell_A07.fcs","NHLBI","1369","1",0.0117786345283993,388,"CD4+CD8-",13293
"Lymphocytes","1369_1_Tcell_A07.fcs","NHLBI","1369","1",1,78122,"nonDebris",58093
"CD3","1369_2_A8_A08.fcs","Yale","1369","2",0.730152027027027,17290,"Live",55285
"CCR7+CD45RA-","1369_2_A8_A08.fcs","Yale","1369","2",0.135055152004305,502,"CD4-CD8+",15419
"Lymphocytes","1369_2_A8_A08.fcs","Yale","1369","2",1,24046,"nonDebris",58093
"CD38+HLADR+","1369_2_A8_A08.fcs","Yale","1369","2",0.0123755716976056,46,"CD4-CD8+",15419
"CCR7-CD45RA-","1369_2_A8_A08.fcs","Yale","1369","2",0.326338444982513,1213,"CD4-CD8+",15419
"CCR7-CD45RA+","1369_2_A8_A08.fcs","Yale","1369","2",0.0446596717783158,166,"CD4-CD8+",15419
"CD38+HLADR+","1369_2_A8_A08.fcs","Yale","1369","2",0.00506417532524229,58,"CD4+CD8-",13293
"CCR7+CD45RA-","1369_2_A8_A08.fcs","Yale","1369","2",0.306120667074129,3506,"CD4+CD8-",13293
"CCR7+CD45RA+","1369_2_A8_A08.fcs","Yale","1369","2",0.493946731234867,1836,"CD4-CD8+",15419
"CD4+CD8-","1369_2_A8_A08.fcs","Yale","1369","2",0.662406015037594,11453,"CD3",30937
"CD4-CD8+","1369_2_A8_A08.fcs","Yale","1369","2",0.21497975708502,3717,"CD3",30937
"CCR7-CD45RA-","1369_2_A8_A08.fcs","Yale","1369","2",0.168602112983498,1931,"CD4+CD8-",13293
"CCR7+CD45RA+","1369_2_A8_A08.fcs","Yale","1369","2",0.516371256439361,5914,"CD4+CD8-",13293
"CCR7-CD45RA+","1369_2_A8_A08.fcs","Yale","1369","2",0.00890596350301231,102,"CD4+CD8-",13293
"CCR7+CD45RA+","1369_2_T CELL.fcs","Baylor","1369","2",0.449762054413217,5009,"CD4-CD8+",15419
"Lymphocytes","1369_2_T CELL.fcs","Baylor","1369","2",1,67132,"nonDebris",58093
"CD38+HLADR+","1369_2_T CELL.fcs","Baylor","1369","2",0.0137552904963447,429,"CD4+CD8-",13293
"CCR7+CD45RA+","1369_2_T CELL.fcs","Baylor","1369","2",0.437187379761447,13635,"CD4+CD8-",13293
"CCR7-CD45RA+","1369_2_T CELL.fcs","Baylor","1369","2",0.0225374876537667,251,"CD4-CD8+",15419
"CCR7-CD45RA+","1369_2_T CELL.fcs","Baylor","1369","2",0.00804796716685905,251,"CD4+CD8-",13293
"CD38+HLADR+","1369_2_T CELL.fcs","Baylor","1369","2",0.0404058543593427,450,"CD4-CD8+",15419
"CCR7-CD45RA-","1369_2_T CELL.fcs","Baylor","1369","2",0.348118883002604,3877,"CD4-CD8+",15419
"CD4+CD8-","1369_2_T CELL.fcs","Baylor","1369","2",0.662531333644899,31188,"CD3",30937
"CD4-CD8+","1369_2_T CELL.fcs","Baylor","1369","2",0.236584951353189,11137,"CD3",30937
"CCR7+CD45RA-","1369_2_T CELL.fcs","Baylor","1369","2",0.350647685007054,10936,"CD4+CD8-",13293
"CD3","1369_2_T CELL.fcs","Baylor","1369","2",0.745844886318625,47074,"Live",55285
"CCR7+CD45RA-","1369_2_T CELL.fcs","Baylor","1369","2",0.179581574930412,2000,"CD4-CD8+",15419
"CCR7-CD45RA-","1369_2_T CELL.fcs","Baylor","1369","2",0.20411696806464,6366,"CD4+CD8-",13293
"CCR7+CD45RA+","1369_2_Tcell_A08.fcs","NHLBI","1369","2",0.435076353540028,14103,"CD4+CD8-",13293
"CD38+HLADR+","1369_2_Tcell_A08.fcs","NHLBI","1369","2",0.0141601110596946,459,"CD4+CD8-",13293
"CCR7-CD45RA-","1369_2_Tcell_A08.fcs","NHLBI","1369","2",0.153108128952645,4963,"CD4+CD8-",13293
"Lymphocytes","1369_2_Tcell_A08.fcs","NHLBI","1369","2",1,76336,"nonDebris",58093
"CCR7-CD45RA-","1369_2_Tcell_A08.fcs","NHLBI","1369","2",0.462612472851381,5964,"CD4-CD8+",15419
"CCR7-CD45RA+","1369_2_Tcell_A08.fcs","NHLBI","1369","2",0.00903902514268086,293,"CD4+CD8-",13293
"CCR7+CD45RA-","1369_2_Tcell_A08.fcs","NHLBI","1369","2",0.11425690350605,1473,"CD4-CD8+",15419
"CD38+HLADR+","1369_2_Tcell_A08.fcs","NHLBI","1369","2",0.0324232081911263,418,"CD4-CD8+",15419
"CCR7+CD45RA-","1369_2_Tcell_A08.fcs","NHLBI","1369","2",0.402776492364646,13056,"CD4+CD8-",13293
"CD4-CD8+","1369_2_Tcell_A08.fcs","NHLBI","1369","2",0.241717446329802,12892,"CD3",30937
"CD3","1369_2_Tcell_A08.fcs","NHLBI","1369","2",0.727556713547137,53335,"Live",55285
"CCR7-CD45RA+","1369_2_Tcell_A08.fcs","NHLBI","1369","2",0.062829661805771,810,"CD4-CD8+",15419
"CD4+CD8-","1369_2_Tcell_A08.fcs","NHLBI","1369","2",0.607762257429455,32415,"CD3",30937
"CCR7+CD45RA+","1369_2_Tcell_A08.fcs","NHLBI","1369","2",0.360300961836798,4645,"CD4-CD8+",15419
"CCR7-CD45RA+","1369_3_A9_A09.fcs","Yale","1369","3",0.00959958488281588,111,"CD4+CD8-",13293
"CCR7+CD45RA+","1369_3_A9_A09.fcs","Yale","1369","3",0.517426273458445,5983,"CD4+CD8-",13293
"CCR7-CD45RA-","1369_3_A9_A09.fcs","Yale","1369","3",0.169506183516388,1960,"CD4+CD8-",13293
"CCR7-CD45RA-","1369_3_A9_A09.fcs","Yale","1369","3",0.316289466331378,1132,"CD4-CD8+",15419
"Lymphocytes","1369_3_A9_A09.fcs","Yale","1369","3",1,23988,"nonDebris",58093
"CD4-CD8+","1369_3_A9_A09.fcs","Yale","1369","3",0.207875936574316,3579,"CD3",30937
"CD38+HLADR+","1369_3_A9_A09.fcs","Yale","1369","3",0.0071780679754389,83,"CD4+CD8-",13293
"CD4+CD8-","1369_3_A9_A09.fcs","Yale","1369","3",0.671603647557647,11563,"CD3",30937
"CCR7+CD45RA-","1369_3_A9_A09.fcs","Yale","1369","3",0.121542330259849,435,"CD4-CD8+",15419
"CD38+HLADR+","1369_3_A9_A09.fcs","Yale","1369","3",0.0136909751327186,49,"CD4-CD8+",15419
"CCR7-CD45RA+","1369_3_A9_A09.fcs","Yale","1369","3",0.0360435875943001,129,"CD4-CD8+",15419
"CCR7+CD45RA+","1369_3_A9_A09.fcs","Yale","1369","3",0.526124615814473,1883,"CD4-CD8+",15419
"CD3","1369_3_A9_A09.fcs","Yale","1369","3",0.732575950982895,17217,"Live",55285
"CCR7+CD45RA-","1369_3_A9_A09.fcs","Yale","1369","3",0.303467958142351,3509,"CD4+CD8-",13293
"CCR7-CD45RA-","1369_3_T CELL.fcs","Baylor","1369","3",0.374503071919046,4145,"CD4-CD8+",15419
"CCR7-CD45RA-","1369_3_T CELL.fcs","Baylor","1369","3",0.214672544080605,6818,"CD4+CD8-",13293
"CD4+CD8-","1369_3_T CELL.fcs","Baylor","1369","3",0.669632503320753,31760,"CD3",30937
"CCR7-CD45RA+","1369_3_T CELL.fcs","Baylor","1369","3",0.00856423173803527,272,"CD4+CD8-",13293
"CCR7+CD45RA+","1369_3_T CELL.fcs","Baylor","1369","3",0.431013853904282,13689,"CD4+CD8-",13293
"CD38+HLADR+","1369_3_T CELL.fcs","Baylor","1369","3",0.0170025188916877,540,"CD4+CD8-",13293
"Lymphocytes","1369_3_T CELL.fcs","Baylor","1369","3",1,66434,"nonDebris",58093
"CD3","1369_3_T CELL.fcs","Baylor","1369","3",0.755383194240938,47429,"Live",55285
"CD4-CD8+","1369_3_T CELL.fcs","Baylor","1369","3",0.233359337114424,11068,"CD3",30937
"CCR7-CD45RA+","1369_3_T CELL.fcs","Baylor","1369","3",0.0213227322009396,236,"CD4-CD8+",15419
"CCR7+CD45RA-","1369_3_T CELL.fcs","Baylor","1369","3",0.165612576797976,1833,"CD4-CD8+",15419
"CD38+HLADR+","1369_3_T CELL.fcs","Baylor","1369","3",0.0409288037585833,453,"CD4-CD8+",15419
"CCR7+CD45RA-","1369_3_T CELL.fcs","Baylor","1369","3",0.345749370277078,10981,"CD4+CD8-",13293
"CCR7+CD45RA+","1369_3_T CELL.fcs","Baylor","1369","3",0.438561619082038,4854,"CD4-CD8+",15419
"CCR7-CD45RA-","1369_3_Tcell_A09.fcs","NHLBI","1369","3",0.154549319727891,5089,"CD4+CD8-",13293
"CCR7-CD45RA-","1369_3_Tcell_A09.fcs","NHLBI","1369","3",0.472452005618854,6054,"CD4-CD8+",15419
"CCR7-CD45RA+","1369_3_Tcell_A09.fcs","NHLBI","1369","3",0.00911078717201166,300,"CD4+CD8-",13293
"CCR7+CD45RA+","1369_3_Tcell_A09.fcs","NHLBI","1369","3",0.431851311953353,14220,"CD4+CD8-",13293
"CD38+HLADR+","1369_3_Tcell_A09.fcs","NHLBI","1369","3",0.0145772594752187,480,"CD4+CD8-",13293
"CD4+CD8-","1369_3_Tcell_A09.fcs","NHLBI","1369","3",0.61383591521727,32928,"CD3",30937
"CD3","1369_3_Tcell_A09.fcs","NHLBI","1369","3",0.728884721995761,53643,"Live",55285
"CD4-CD8+","1369_3_Tcell_A09.fcs","NHLBI","1369","3",0.238875528959976,12814,"CD3",30937
"CCR7-CD45RA+","1369_3_Tcell_A09.fcs","NHLBI","1369","3",0.0660995785859217,847,"CD4-CD8+",15419
"CCR7+CD45RA+","1369_3_Tcell_A09.fcs","NHLBI","1369","3",0.356485094427969,4568,"CD4-CD8+",15419
"Lymphocytes","1369_3_Tcell_A09.fcs","NHLBI","1369","3",1,76502,"nonDebris",58093
"CD38+HLADR+","1369_3_Tcell_A09.fcs","NHLBI","1369","3",0.0298111440611831,382,"CD4-CD8+",15419
"CCR7+CD45RA-","1369_3_Tcell_A09.fcs","NHLBI","1369","3",0.404488581146744,13319,"CD4+CD8-",13293
"CCR7+CD45RA-","1369_3_Tcell_A09.fcs","NHLBI","1369","3",0.104963321367255,1345,"CD4-CD8+",15419
"CCR7-CD45RA-","1369-1_A7_A07.fcs","Stanford","1369","1",0.186226012793177,4367,"CD4+CD8-",13293
"CCR7-CD45RA+","1369-1_A7_A07.fcs","Stanford","1369","1",0.00631130063965885,148,"CD4+CD8-",13293
"CCR7+CD45RA+","1369-1_A7_A07.fcs","Stanford","1369","1",0.483155650319829,11330,"CD4+CD8-",13293
"CD38+HLADR+","1369-1_A7_A07.fcs","Stanford","1369","1",0.0121961620469083,286,"CD4+CD8-",13293
"CCR7-CD45RA-","1369-1_A7_A07.fcs","Stanford","1369","1",0.343297714053835,2538,"CD4-CD8+",15419
"CD3","1369-1_A7_A07.fcs","Stanford","1369","1",0.763020941754444,36654,"Live",55285
"CD4-CD8+","1369-1_A7_A07.fcs","Stanford","1369","1",0.201696949855405,7393,"CD3",30937
"CCR7-CD45RA+","1369-1_A7_A07.fcs","Stanford","1369","1",0.0343568240227242,254,"CD4-CD8+",15419
"CD4+CD8-","1369-1_A7_A07.fcs","Stanford","1369","1",0.639766464778742,23450,"CD3",30937
"Lymphocytes","1369-1_A7_A07.fcs","Stanford","1369","1",1,50377,"nonDebris",58093
"CD38+HLADR+","1369-1_A7_A07.fcs","Stanford","1369","1",0.00879210063573651,65,"CD4-CD8+",15419
"CCR7+CD45RA-","1369-1_A7_A07.fcs","Stanford","1369","1",0.324307036247335,7605,"CD4+CD8-",13293
"CCR7+CD45RA+","1369-1_A7_A07.fcs","Stanford","1369","1",0.480995536318139,3556,"CD4-CD8+",15419
"CCR7+CD45RA-","1369-1_A7_A07.fcs","Stanford","1369","1",0.141349925605302,1045,"CD4-CD8+",15419
"CCR7-CD45RA+","1369-2_A8_A08.fcs","Stanford","1369","2",0.0052638336115034,123,"CD4+CD8-",13293
"CCR7+CD45RA+","1369-2_A8_A08.fcs","Stanford","1369","2",0.485043009372192,11334,"CD4+CD8-",13293
"CCR7-CD45RA-","1369-2_A8_A08.fcs","Stanford","1369","2",0.180938930971028,4228,"CD4+CD8-",13293
"CCR7-CD45RA-","1369-2_A8_A08.fcs","Stanford","1369","2",0.32974372955289,2419,"CD4-CD8+",15419
"CD3","1369-2_A8_A08.fcs","Stanford","1369","2",0.764899413243923,36501,"Live",55285
"CD4-CD8+","1369-2_A8_A08.fcs","Stanford","1369","2",0.200980795046711,7336,"CD3",30937
"CD38+HLADR+","1369-2_A8_A08.fcs","Stanford","1369","2",0.013608935678521,318,"CD4+CD8-",13293
"CD4+CD8-","1369-2_A8_A08.fcs","Stanford","1369","2",0.640174241801594,23367,"CD3",30937
"Lymphocytes","1369-2_A8_A08.fcs","Stanford","1369","2",1,49903,"nonDebris",58093
"CD38+HLADR+","1369-2_A8_A08.fcs","Stanford","1369","2",0.00654307524536532,48,"CD4-CD8+",15419
"CCR7-CD45RA+","1369-2_A8_A08.fcs","Stanford","1369","2",0.0317611777535442,233,"CD4-CD8+",15419
"CCR7+CD45RA+","1369-2_A8_A08.fcs","Stanford","1369","2",0.496864776444929,3645,"CD4-CD8+",15419
"CCR7+CD45RA-","1369-2_A8_A08.fcs","Stanford","1369","2",0.141630316248637,1039,"CD4-CD8+",15419
"CCR7+CD45RA-","1369-2_A8_A08.fcs","Stanford","1369","2",0.328754226045278,7682,"CD4+CD8-",13293
"CCR7-CD45RA-","1369-3_A9_A09.fcs","Stanford","1369","3",0.198720975149148,4630,"CD4+CD8-",13293
"CD38+HLADR+","1369-3_A9_A09.fcs","Stanford","1369","3",0.0129619296965535,302,"CD4+CD8-",13293
"CCR7+CD45RA+","1369-3_A9_A09.fcs","Stanford","1369","3",0.482853341345122,11250,"CD4+CD8-",13293
"CCR7-CD45RA+","1369-3_A9_A09.fcs","Stanford","1369","3",0.00648096484827675,151,"CD4+CD8-",13293
"CD4-CD8+","1369-3_A9_A09.fcs","Stanford","1369","3",0.201212187397619,7370,"CD3",30937
"CCR7-CD45RA+","1369-3_A9_A09.fcs","Stanford","1369","3",0.0325644504748982,240,"CD4-CD8+",15419
"CCR7-CD45RA-","1369-3_A9_A09.fcs","Stanford","1369","3",0.327408412483039,2413,"CD4-CD8+",15419
"CD3","1369-3_A9_A09.fcs","Stanford","1369","3",0.756542393886192,36628,"Live",55285
"CD38+HLADR+","1369-3_A9_A09.fcs","Stanford","1369","3",0.00597014925373134,44,"CD4-CD8+",15419
"CCR7+CD45RA-","1369-3_A9_A09.fcs","Stanford","1369","3",0.311944718657453,7268,"CD4+CD8-",13293
"CD4+CD8-","1369-3_A9_A09.fcs","Stanford","1369","3",0.636098067052528,23299,"CD3",30937
"Lymphocytes","1369-3_A9_A09.fcs","Stanford","1369","3",1,50880,"nonDebris",58093
"CCR7+CD45RA+","1369-3_A9_A09.fcs","Stanford","1369","3",0.491858887381275,3625,"CD4-CD8+",15419
"CCR7+CD45RA-","1369-3_A9_A09.fcs","Stanford","1369","3",0.148168249660787,1092,"CD4-CD8+",15419
"CCR7+CD45RA+","lot 12828_A1_A01.fcs","Miami","12828","1",0.333943754087639,2553,"CD4+CD8-",13293
"CCR7-CD45RA-","lot 12828_A1_A01.fcs","Miami","12828","1",0.150686723348594,1152,"CD4+CD8-",13293
"CD38+HLADR+","lot 12828_A1_A01.fcs","Miami","12828","1",0.0524525833878352,401,"CD4+CD8-",13293
"CCR7-CD45RA-","lot 12828_A1_A01.fcs","Miami","12828","1",0.469092552830828,4151,"CD4-CD8+",15419
"CCR7-CD45RA+","lot 12828_A1_A01.fcs","Miami","12828","1",0.00065402223675605,5,"CD4+CD8-",13293
"CD4-CD8+","lot 12828_A1_A01.fcs","Miami","12828","1",0.498142310290475,8849,"CD3",30937
"CCR7-CD45RA+","lot 12828_A1_A01.fcs","Miami","12828","1",0.191773081704147,1697,"CD4-CD8+",15419
"CD4+CD8-","lot 12828_A1_A01.fcs","Miami","12828","1",0.430364782706598,7645,"CD3",30937
"CD3","lot 12828_A1_A01.fcs","Miami","12828","1",0.682758090552694,17764,"Live",55285
"CCR7+CD45RA+","lot 12828_A1_A01.fcs","Miami","12828","1",0.318115041247599,2815,"CD4-CD8+",15419
"Lymphocytes","lot 12828_A1_A01.fcs","Miami","12828","1",1,26756,"nonDebris",58093
"CD38+HLADR+","lot 12828_A1_A01.fcs","Miami","12828","1",0.00463329189738954,41,"CD4-CD8+",15419
"CCR7+CD45RA-","lot 12828_A1_A01.fcs","Miami","12828","1",0.514715500327011,3935,"CD4+CD8-",13293
"CCR7+CD45RA-","lot 12828_A1_A01.fcs","Miami","12828","1",0.0210193242174257,186,"CD4-CD8+",15419
"CD38+HLADR+","lot 12828_A2_A02.fcs","Miami","12828","2",0.0464883152684669,742,"CD4+CD8-",13293
"CCR7-CD45RA-","lot 12828_A2_A02.fcs","Miami","12828","2",0.149113464068667,2380,"CD4+CD8-",13293
"Lymphocytes","lot 12828_A2_A02.fcs","Miami","12828","2",1,55782,"nonDebris",58093
"CCR7-CD45RA-","lot 12828_A2_A02.fcs","Miami","12828","2",0.454742518769166,8601,"CD4-CD8+",15419
"CCR7+CD45RA+","lot 12828_A2_A02.fcs","Miami","12828","2",0.33381367082263,5328,"CD4+CD8-",13293
"CD4-CD8+","lot 12828_A2_A02.fcs","Miami","12828","2",0.502617522787064,18914,"CD3",30937
"CD38+HLADR+","lot 12828_A2_A02.fcs","Miami","12828","2",0.0063973776038913,121,"CD4-CD8+",15419
"CD4+CD8-","lot 12828_A2_A02.fcs","Miami","12828","2",0.424144986845951,15961,"CD3",30937
"CCR7-CD45RA+","lot 12828_A2_A02.fcs","Miami","12828","2",0.000626527159952384,10,"CD4+CD8-",13293
"CCR7+CD45RA-","lot 12828_A2_A02.fcs","Miami","12828","2",0.0145394945542984,275,"CD4-CD8+",15419
"CCR7-CD45RA+","lot 12828_A2_A02.fcs","Miami","12828","2",0.243629057840753,4608,"CD4-CD8+",15419
"CCR7+CD45RA-","lot 12828_A2_A02.fcs","Miami","12828","2",0.51644633794875,8243,"CD4+CD8-",13293
"CD3","lot 12828_A2_A02.fcs","Miami","12828","2",0.696715544693772,37631,"Live",55285
"CCR7+CD45RA+","lot 12828_A2_A02.fcs","Miami","12828","2",0.287088928835783,5430,"CD4-CD8+",15419
"Lymphocytes","lot 12828_A3_A03.fcs","Miami","12828","3",1,56515,"nonDebris",58093
"CD38+HLADR+","lot 12828_A3_A03.fcs","Miami","12828","3",0.0457410296411856,733,"CD4+CD8-",13293
"CCR7+CD45RA-","lot 12828_A3_A03.fcs","Miami","12828","3",0.426021840873635,6827,"CD4+CD8-",13293
"CCR7-CD45RA+","lot 12828_A3_A03.fcs","Miami","12828","3",0.00205928237129485,33,"CD4+CD8-",13293
"CD38+HLADR+","lot 12828_A3_A03.fcs","Miami","12828","3",0.00598393785103144,114,"CD4-CD8+",15419
"CCR7-CD45RA-","lot 12828_A3_A03.fcs","Miami","12828","3",0.443336307805365,8446,"CD4-CD8+",15419
"CCR7+CD45RA+","lot 12828_A3_A03.fcs","Miami","12828","3",0.341404056162247,5471,"CD4+CD8-",13293
"CCR7-CD45RA+","lot 12828_A3_A03.fcs","Miami","12828","3",0.267335048028975,5093,"CD4-CD8+",15419
"CCR7-CD45RA-","lot 12828_A3_A03.fcs","Miami","12828","3",0.230514820592824,3694,"CD4+CD8-",13293
"CD3","lot 12828_A3_A03.fcs","Miami","12828","3",0.680584627145483,37392,"Live",55285
"CD4-CD8+","lot 12828_A3_A03.fcs","Miami","12828","3",0.509494009413778,19051,"CD3",30937
"CCR7+CD45RA+","lot 12828_A3_A03.fcs","Miami","12828","3",0.278200619390058,5300,"CD4-CD8+",15419
"CD4+CD8-","lot 12828_A3_A03.fcs","Miami","12828","3",0.428567608044502,16025,"CD3",30937
"CCR7+CD45RA-","lot 12828_A3_A03.fcs","Miami","12828","3",0.0111280247756023,212,"CD4-CD8+",15419
"CD38+HLADR+","lot 1349_A4_A04.fcs","Miami","1349","1",0.0335935376131112,865,"CD4+CD8-",13293
"CCR7+CD45RA-","lot 1349_A4_A04.fcs","Miami","1349","1",0.0170368500757193,270,"CD4-CD8+",15419
"CCR7+CD45RA+","lot 1349_A4_A04.fcs","Miami","1349","1",0.338465421504291,5364,"CD4-CD8+",15419
"CCR7-CD45RA+","lot 1349_A4_A04.fcs","Miami","1349","1",0.0034952813701503,90,"CD4+CD8-",13293
"CD38+HLADR+","lot 1349_A4_A04.fcs","Miami","1349","1",0.0125567895002524,199,"CD4-CD8+",15419
"CCR7+CD45RA+","lot 1349_A4_A04.fcs","Miami","1349","1",0.243543438580139,6271,"CD4+CD8-",13293
"CD4-CD8+","lot 1349_A4_A04.fcs","Miami","1349","1",0.332745443856555,15848,"CD3",30937
"CCR7-CD45RA-","lot 1349_A4_A04.fcs","Miami","1349","1",0.332867295817313,8571,"CD4+CD8-",13293
"CD3","lot 1349_A4_A04.fcs","Miami","1349","1",0.807008031448033,47628,"Live",55285
"CCR7-CD45RA-","lot 1349_A4_A04.fcs","Miami","1349","1",0.505174154467441,8006,"CD4-CD8+",15419
"CCR7-CD45RA+","lot 1349_A4_A04.fcs","Miami","1349","1",0.139323573952549,2208,"CD4-CD8+",15419
"CD4+CD8-","lot 1349_A4_A04.fcs","Miami","1349","1",0.540627362055934,25749,"CD3",30937
"Lymphocytes","lot 1349_A4_A04.fcs","Miami","1349","1",1,60700,"nonDebris",58093
"CCR7+CD45RA-","lot 1349_A4_A04.fcs","Miami","1349","1",0.420093984232397,10817,"CD4+CD8-",13293
"CCR7+CD45RA-","lot 1349_A5_A05.fcs","Miami","1349","2",0.0151479705228682,259,"CD4-CD8+",15419
"CCR7+CD45RA+","lot 1349_A5_A05.fcs","Miami","1349","2",0.373435489530939,6385,"CD4-CD8+",15419
"CD4+CD8-","lot 1349_A5_A05.fcs","Miami","1349","2",0.524467679803581,24779,"CD3",30937
"CCR7-CD45RA+","lot 1349_A5_A05.fcs","Miami","1349","2",0.145631067961165,2490,"CD4-CD8+",15419
"CCR7-CD45RA-","lot 1349_A5_A05.fcs","Miami","1349","2",0.311110214294362,7709,"CD4+CD8-",13293
"CD4-CD8+","lot 1349_A5_A05.fcs","Miami","1349","2",0.361893070312831,17098,"CD3",30937
"CD38+HLADR+","lot 1349_A5_A05.fcs","Miami","1349","2",0.0343839541547278,852,"CD4+CD8-",13293
"CD3","lot 1349_A5_A05.fcs","Miami","1349","2",0.791867792973988,47246,"Live",55285
"Lymphocytes","lot 1349_A5_A05.fcs","Miami","1349","2",1,61412,"nonDebris",58093
"CCR7-CD45RA-","lot 1349_A5_A05.fcs","Miami","1349","2",0.465785471985028,7964,"CD4-CD8+",15419
"CCR7-CD45RA+","lot 1349_A5_A05.fcs","Miami","1349","2",0.0046410266758142,115,"CD4+CD8-",13293
"CCR7+CD45RA-","lot 1349_A5_A05.fcs","Miami","1349","2",0.422736995036119,10475,"CD4+CD8-",13293
"CD38+HLADR+","lot 1349_A5_A05.fcs","Miami","1349","2",0.0151479705228682,259,"CD4-CD8+",15419
"CCR7+CD45RA+","lot 1349_A5_A05.fcs","Miami","1349","2",0.261511763993704,6480,"CD4+CD8-",13293
"Lymphocytes","lot 1349_A6_A06.fcs","Miami","1349","3",1,60319,"nonDebris",58093
"CD4-CD8+","lot 1349_A6_A06.fcs","Miami","1349","3",0.35703544575725,16620,"CD3",30937
"CCR7+CD45RA-","lot 1349_A6_A06.fcs","Miami","1349","3",0.417050597300934,10229,"CD4+CD8-",13293
"CD38+HLADR+","lot 1349_A6_A06.fcs","Miami","1349","3",0.0106498194945848,177,"CD4-CD8+",15419
"CCR7-CD45RA-","lot 1349_A6_A06.fcs","Miami","1349","3",0.448736462093863,7458,"CD4-CD8+",15419
"CD38+HLADR+","lot 1349_A6_A06.fcs","Miami","1349","3",0.0328209728054797,805,"CD4+CD8-",13293
"CCR7+CD45RA-","lot 1349_A6_A06.fcs","Miami","1349","3",0.015222623345367,253,"CD4-CD8+",15419
"CD3","lot 1349_A6_A06.fcs","Miami","1349","3",0.797785737544774,46550,"Live",55285
"CCR7+CD45RA+","lot 1349_A6_A06.fcs","Miami","1349","3",0.391817087845969,6512,"CD4-CD8+",15419
"CCR7-CD45RA+","lot 1349_A6_A06.fcs","Miami","1349","3",0.144223826714801,2397,"CD4-CD8+",15419
"CCR7-CD45RA-","lot 1349_A6_A06.fcs","Miami","1349","3",0.308150201818404,7558,"CD4+CD8-",13293
"CCR7+CD45RA+","lot 1349_A6_A06.fcs","Miami","1349","3",0.269580462347617,6612,"CD4+CD8-",13293
"CD4+CD8-","lot 1349_A6_A06.fcs","Miami","1349","3",0.526895810955961,24527,"CD3",30937
"CCR7-CD45RA+","lot 1349_A6_A06.fcs","Miami","1349","3",0.00521873853304522,128,"CD4+CD8-",13293
"Lymphocytes","lot 1369_A7_A07.fcs","Miami","1369","1",1,64052,"nonDebris",58093
"CCR7+CD45RA-","lot 1369_A7_A07.fcs","Miami","1369","1",0.356689372396006,10787,"CD4+CD8-",13293
"CCR7+CD45RA+","lot 1369_A7_A07.fcs","Miami","1369","1",0.388763970636863,11757,"CD4+CD8-",13293
"CD3","lot 1369_A7_A07.fcs","Miami","1369","1",0.76857702514849,48654,"Live",55285
"CD4-CD8+","lot 1369_A7_A07.fcs","Miami","1369","1",0.215706827804497,10495,"CD3",30937
"CD38+HLADR+","lot 1369_A7_A07.fcs","Miami","1369","1",0.0304212684346273,920,"CD4+CD8-",13293
"CCR7-CD45RA+","lot 1369_A7_A07.fcs","Miami","1369","1",0.00290986045896435,88,"CD4+CD8-",13293
"CCR7+CD45RA+","lot 1369_A7_A07.fcs","Miami","1369","1",0.297093854216293,3118,"CD4-CD8+",15419
"CCR7-CD45RA-","lot 1369_A7_A07.fcs","Miami","1369","1",0.623535016674607,6544,"CD4-CD8+",15419
"CD4+CD8-","lot 1369_A7_A07.fcs","Miami","1369","1",0.621572738109919,30242,"CD3",30937
"CCR7+CD45RA-","lot 1369_A7_A07.fcs","Miami","1369","1",0.037827536922344,397,"CD4-CD8+",15419
"CD38+HLADR+","lot 1369_A7_A07.fcs","Miami","1369","1",0.00714626012386851,75,"CD4-CD8+",15419
"CCR7-CD45RA+","lot 1369_A7_A07.fcs","Miami","1369","1",0.0415435921867556,436,"CD4-CD8+",15419
"CCR7-CD45RA-","lot 1369_A7_A07.fcs","Miami","1369","1",0.251636796508167,7610,"CD4+CD8-",13293
"CD4+CD8-","lot 1369_A8_A08.fcs","Miami","1369","2",0.611907341906729,29929,"CD3",30937
"CCR7-CD45RA+","lot 1369_A8_A08.fcs","Miami","1369","2",0.00387583948678539,116,"CD4+CD8-",13293
"CCR7-CD45RA-","lot 1369_A8_A08.fcs","Miami","1369","2",0.247185004510675,7398,"CD4+CD8-",13293
"CCR7+CD45RA-","lot 1369_A8_A08.fcs","Miami","1369","2",0.364796685488991,10918,"CD4+CD8-",13293
"CCR7+CD45RA+","lot 1369_A8_A08.fcs","Miami","1369","2",0.384142470513549,11497,"CD4+CD8-",13293
"Lymphocytes","lot 1369_A8_A08.fcs","Miami","1369","2",1,64026,"nonDebris",58093
"CCR7-CD45RA-","lot 1369_A8_A08.fcs","Miami","1369","2",0.634338017751479,6861,"CD4-CD8+",15419
"CD4-CD8+","lot 1369_A8_A08.fcs","Miami","1369","2",0.221136349696387,10816,"CD3",30937
"CCR7+CD45RA-","lot 1369_A8_A08.fcs","Miami","1369","2",0.0339312130177515,367,"CD4-CD8+",15419
"CCR7+CD45RA+","lot 1369_A8_A08.fcs","Miami","1369","2",0.286612426035503,3100,"CD4-CD8+",15419
"CCR7-CD45RA+","lot 1369_A8_A08.fcs","Miami","1369","2",0.0451183431952663,488,"CD4-CD8+",15419
"CD3","lot 1369_A8_A08.fcs","Miami","1369","2",0.770822498542228,48911,"Live",55285
"CD38+HLADR+","lot 1369_A8_A08.fcs","Miami","1369","2",0.00878328402366864,95,"CD4-CD8+",15419
"CD38+HLADR+","lot 1369_A8_A08.fcs","Miami","1369","2",0.0335126465969461,1003,"CD4+CD8-",13293
"CD4+CD8-","lot 1369_A9_A09.fcs","Miami","1369","3",0.620603332211377,29501,"CD3",30937
"CCR7+CD45RA+","lot 1369_A9_A09.fcs","Miami","1369","3",0.388529202399919,11462,"CD4+CD8-",13293
"CCR7+CD45RA-","lot 1369_A9_A09.fcs","Miami","1369","3",0.369106131995526,10889,"CD4+CD8-",13293
"CD4-CD8+","lot 1369_A9_A09.fcs","Miami","1369","3",0.216656849545608,10299,"CD3",30937
"CD38+HLADR+","lot 1369_A9_A09.fcs","Miami","1369","3",0.0281346395037456,830,"CD4+CD8-",13293
"CCR7-CD45RA+","lot 1369_A9_A09.fcs","Miami","1369","3",0.00277956679434595,82,"CD4+CD8-",13293
"CCR7-CD45RA-","lot 1369_A9_A09.fcs","Miami","1369","3",0.23958509881021,7068,"CD4+CD8-",13293
"CD3","lot 1369_A9_A09.fcs","Miami","1369","3",0.767687860338173,47536,"Live",55285
"CCR7+CD45RA-","lot 1369_A9_A09.fcs","Miami","1369","3",0.0318477522089523,328,"CD4-CD8+",15419
"Lymphocytes","lot 1369_A9_A09.fcs","Miami","1369","3",1,62450,"nonDebris",58093
"CCR7-CD45RA-","lot 1369_A9_A09.fcs","Miami","1369","3",0.626177298766871,6449,"CD4-CD8+",15419
"CD38+HLADR+","lot 1369_A9_A09.fcs","Miami","1369","3",0.00776774444120788,80,"CD4-CD8+",15419
"CCR7+CD45RA+","lot 1369_A9_A09.fcs","Miami","1369","3",0.296824934459656,3057,"CD4-CD8+",15419
"CCR7-CD45RA+","lot 1369_A9_A09.fcs","Miami","1369","3",0.0451500145645208,465,"CD4-CD8+",15419
"CD4+CD8-","TCELL 22013_12828_001.fcs","UCLA","12828","1",0.397895125553914,15085,"CD3",30937
"CD4-CD8+","TCELL 22013_12828_001.fcs","UCLA","12828","1",0.521708166279806,19779,"CD3",30937
"CD3","TCELL 22013_12828_001.fcs","UCLA","12828","1",0.68570601747183,37912,"Live",55285
"CCR7+CD45RA+","TCELL 22013_12828_001.fcs","UCLA","12828","1",0.211998674179649,3198,"CD4+CD8-",13293
"CCR7-CD45RA+","TCELL 22013_12828_001.fcs","UCLA","12828","1",0.00477295326483261,72,"CD4+CD8-",13293
"CCR7+CD45RA-","TCELL 22013_12828_001.fcs","UCLA","12828","1",0.268478621146835,4050,"CD4+CD8-",13293
"Lymphocytes","TCELL 22013_12828_001.fcs","UCLA","12828","1",1,72369,"nonDebris",58093
"CCR7-CD45RA-","TCELL 22013_12828_001.fcs","UCLA","12828","1",0.635471965215633,12569,"CD4-CD8+",15419
"CD38+HLADR+","TCELL 22013_12828_001.fcs","UCLA","12828","1",0.0349353662578721,527,"CD4+CD8-",13293
"CCR7-CD45RA-","TCELL 22013_12828_001.fcs","UCLA","12828","1",0.514749751408684,7765,"CD4+CD8-",13293
"CCR7+CD45RA+","TCELL 22013_12828_001.fcs","UCLA","12828","1",0.169776025077102,3358,"CD4-CD8+",15419
"CCR7-CD45RA+","TCELL 22013_12828_001.fcs","UCLA","12828","1",0.125992213964306,2492,"CD4-CD8+",15419
"CCR7+CD45RA-","TCELL 22013_12828_001.fcs","UCLA","12828","1",0.0687597957429597,1360,"CD4-CD8+",15419
"CD38+HLADR+","TCELL 22013_12828_001.fcs","UCLA","12828","1",0.0230041963698873,455,"CD4-CD8+",15419
"CCR7+CD45RA+","TCELL 22013_12828_002.fcs","UCLA","12828","2",0.420396507221704,7655,"CD4+CD8-",13293
"CD4+CD8-","TCELL 22013_12828_002.fcs","UCLA","12828","2",0.433186630189128,18209,"CD3",30937
"CCR7-CD45RA-","TCELL 22013_12828_002.fcs","UCLA","12828","2",0.357792146940305,7636,"CD4-CD8+",15419
"CCR7-CD45RA+","TCELL 22013_12828_002.fcs","UCLA","12828","2",0.00823768466143116,150,"CD4+CD8-",13293
"CCR7+CD45RA-","TCELL 22013_12828_002.fcs","UCLA","12828","2",0.367565489593058,6693,"CD4+CD8-",13293
"CD4-CD8+","TCELL 22013_12828_002.fcs","UCLA","12828","2",0.50771975734507,21342,"CD3",30937
"CCR7-CD45RA+","TCELL 22013_12828_002.fcs","UCLA","12828","2",0.23652891013026,5048,"CD4-CD8+",15419
"CD38+HLADR+","TCELL 22013_12828_002.fcs","UCLA","12828","2",0.0309187764292383,563,"CD4+CD8-",13293
"CCR7-CD45RA-","TCELL 22013_12828_002.fcs","UCLA","12828","2",0.203800318523807,3711,"CD4+CD8-",13293
"CD3","TCELL 22013_12828_002.fcs","UCLA","12828","2",0.662114481933025,42035,"Live",55285
"CD38+HLADR+","TCELL 22013_12828_002.fcs","UCLA","12828","2",0.00810608190422641,173,"CD4-CD8+",15419
"CCR7+CD45RA-","TCELL 22013_12828_002.fcs","UCLA","12828","2",0.0930559460219286,1986,"CD4-CD8+",15419
"Lymphocytes","TCELL 22013_12828_002.fcs","UCLA","12828","2",1,82290,"nonDebris",58093
"CCR7+CD45RA+","TCELL 22013_12828_002.fcs","UCLA","12828","2",0.312622996907506,6672,"CD4-CD8+",15419
"CCR7+CD45RA+","TCELL 22013_12828_003.fcs","UCLA","12828","3",0.414273233591788,7587,"CD4+CD8-",13293
"CD4+CD8-","TCELL 22013_12828_003.fcs","UCLA","12828","3",0.432903912067132,18314,"CD3",30937
"CCR7-CD45RA-","TCELL 22013_12828_003.fcs","UCLA","12828","3",0.343511450381679,7425,"CD4-CD8+",15419
"CCR7-CD45RA+","TCELL 22013_12828_003.fcs","UCLA","12828","3",0.0069345855629573,127,"CD4+CD8-",13293
"CD4-CD8+","TCELL 22013_12828_003.fcs","UCLA","12828","3",0.510932513887247,21615,"CD3",30937
"CCR7-CD45RA+","TCELL 22013_12828_003.fcs","UCLA","12828","3",0.244968771686329,5295,"CD4-CD8+",15419
"CD38+HLADR+","TCELL 22013_12828_003.fcs","UCLA","12828","3",0.0310691274434859,569,"CD4+CD8-",13293
"CCR7+CD45RA-","TCELL 22013_12828_003.fcs","UCLA","12828","3",0.389374249208256,7131,"CD4+CD8-",13293
"CD3","TCELL 22013_12828_003.fcs","UCLA","12828","3",0.657410141256546,42305,"Live",55285
"CD38+HLADR+","TCELL 22013_12828_003.fcs","UCLA","12828","3",0.00740226694425168,160,"CD4-CD8+",15419
"CCR7-CD45RA-","TCELL 22013_12828_003.fcs","UCLA","12828","3",0.189417931636999,3469,"CD4+CD8-",13293
"Lymphocytes","TCELL 22013_12828_003.fcs","UCLA","12828","3",1,83765,"nonDebris",58093
"CCR7+CD45RA-","TCELL 22013_12828_003.fcs","UCLA","12828","3",0.0960906777700671,2077,"CD4-CD8+",15419
"CCR7+CD45RA+","TCELL 22013_12828_003.fcs","UCLA","12828","3",0.315429100161925,6818,"CD4-CD8+",15419
"CD4+CD8-","TCELL 22013_1349_001.fcs","UCLA","1349","1",0.514960229374769,22271,"CD3",30937
"CCR7+CD45RA-","TCELL 22013_1349_001.fcs","UCLA","1349","1",0.380629518207534,8477,"CD4+CD8-",13293
"CCR7+CD45RA+","TCELL 22013_1349_001.fcs","UCLA","1349","1",0.326523281397333,7272,"CD4+CD8-",13293
"CD4-CD8+","TCELL 22013_1349_001.fcs","UCLA","1349","1",0.392041250462449,16955,"CD3",30937
"CCR7-CD45RA-","TCELL 22013_1349_001.fcs","UCLA","1349","1",0.370274255381893,6278,"CD4-CD8+",15419
"CCR7-CD45RA+","TCELL 22013_1349_001.fcs","UCLA","1349","1",0.0271204705671052,604,"CD4+CD8-",13293
"CCR7-CD45RA-","TCELL 22013_1349_001.fcs","UCLA","1349","1",0.265726729828027,5918,"CD4+CD8-",13293
"CD3","TCELL 22013_1349_001.fcs","UCLA","1349","1",0.859613205859554,43248,"Live",55285
"CCR7-CD45RA+","TCELL 22013_1349_001.fcs","UCLA","1349","1",0.15594219994102,2644,"CD4-CD8+",15419
"CD38+HLADR+","TCELL 22013_1349_001.fcs","UCLA","1349","1",0.0202954514839926,452,"CD4+CD8-",13293
"CCR7+CD45RA-","TCELL 22013_1349_001.fcs","UCLA","1349","1",0.0579180182836921,982,"CD4-CD8+",15419
"Lymphocytes","TCELL 22013_1349_001.fcs","UCLA","1349","1",1,64464,"nonDebris",58093
"CD38+HLADR+","TCELL 22013_1349_001.fcs","UCLA","1349","1",0.00235918608080212,40,"CD4-CD8+",15419
"CCR7+CD45RA+","TCELL 22013_1349_001.fcs","UCLA","1349","1",0.415865526393394,7051,"CD4-CD8+",15419
"CD4-CD8+","TCELL 22013_1349_002.fcs","UCLA","1349","2",0.393672425264414,17159,"CD3",30937
"CCR7+CD45RA-","TCELL 22013_1349_002.fcs","UCLA","1349","2",0.375776536312849,8408,"CD4+CD8-",13293
"CCR7-CD45RA-","TCELL 22013_1349_002.fcs","UCLA","1349","2",0.264715083798883,5923,"CD4+CD8-",13293
"CD3","TCELL 22013_1349_002.fcs","UCLA","1349","2",0.838534051558292,43587,"Live",55285
"CCR7+CD45RA+","TCELL 22013_1349_002.fcs","UCLA","1349","2",0.332916201117318,7449,"CD4+CD8-",13293
"CD4+CD8-","TCELL 22013_1349_002.fcs","UCLA","1349","2",0.513341133824305,22375,"CD3",30937
"Lymphocytes","TCELL 22013_1349_002.fcs","UCLA","1349","2",1,65825,"nonDebris",58093
"CCR7-CD45RA-","TCELL 22013_1349_002.fcs","UCLA","1349","2",0.345416399557084,5927,"CD4-CD8+",15419
"CD38+HLADR+","TCELL 22013_1349_002.fcs","UCLA","1349","2",0.0217206703910615,486,"CD4+CD8-",13293
"CCR7-CD45RA+","TCELL 22013_1349_002.fcs","UCLA","1349","2",0.0265921787709497,595,"CD4+CD8-",13293
"CCR7+CD45RA+","TCELL 22013_1349_002.fcs","UCLA","1349","2",0.426365172795617,7316,"CD4-CD8+",15419
"CCR7-CD45RA+","TCELL 22013_1349_002.fcs","UCLA","1349","2",0.161780989568157,2776,"CD4-CD8+",15419
"CCR7+CD45RA-","TCELL 22013_1349_002.fcs","UCLA","1349","2",0.0664374380791421,1140,"CD4-CD8+",15419
"CD38+HLADR+","TCELL 22013_1349_002.fcs","UCLA","1349","2",0.00198146745148319,34,"CD4-CD8+",15419
"CCR7-CD45RA+","TCELL 22013_1349_003.fcs","UCLA","1349","3",0.0234329232571763,520,"CD4+CD8-",13293
"CCR7+CD45RA-","TCELL 22013_1349_003.fcs","UCLA","1349","3",0.388535892929566,8622,"CD4+CD8-",13293
"Lymphocytes","TCELL 22013_1349_003.fcs","UCLA","1349","3",1,64875,"nonDebris",58093
"CCR7-CD45RA-","TCELL 22013_1349_003.fcs","UCLA","1349","3",0.26794646478302,5946,"CD4+CD8-",13293
"CD4-CD8+","TCELL 22013_1349_003.fcs","UCLA","1349","3",0.391553328561203,16957,"CD3",30937
"CD4+CD8-","TCELL 22013_1349_003.fcs","UCLA","1349","3",0.512411388459141,22191,"CD3",30937
"CCR7+CD45RA+","TCELL 22013_1349_003.fcs","UCLA","1349","3",0.422126555404848,7158,"CD4-CD8+",15419
"CCR7-CD45RA-","TCELL 22013_1349_003.fcs","UCLA","1349","3",0.355428436633839,6027,"CD4-CD8+",15419
"CD3","TCELL 22013_1349_003.fcs","UCLA","1349","3",0.854147765374147,43307,"Live",55285
"CCR7+CD45RA+","TCELL 22013_1349_003.fcs","UCLA","1349","3",0.320084719030237,7103,"CD4+CD8-",13293
"CD38+HLADR+","TCELL 22013_1349_003.fcs","UCLA","1349","3",0.00188712626054137,32,"CD4-CD8+",15419
"CCR7-CD45RA+","TCELL 22013_1349_003.fcs","UCLA","1349","3",0.152916199799493,2593,"CD4-CD8+",15419
"CD38+HLADR+","TCELL 22013_1349_003.fcs","UCLA","1349","3",0.0210896309314587,468,"CD4+CD8-",13293
"CCR7+CD45RA-","TCELL 22013_1349_003.fcs","UCLA","1349","3",0.0695288081618211,1179,"CD4-CD8+",15419
"CCR7+CD45RA-","TCELL 22013_1369_001.fcs","UCLA","1369","1",0.385066908913036,11021,"CD4+CD8-",13293
"CD4+CD8-","TCELL 22013_1369_001.fcs","UCLA","1369","1",0.67315019521144,28621,"CD3",30937
"CD38+HLADR+","TCELL 22013_1369_001.fcs","UCLA","1369","1",0.0296285943887355,848,"CD4+CD8-",13293
"CD4-CD8+","TCELL 22013_1369_001.fcs","UCLA","1369","1",0.186438684792323,7927,"CD3",30937
"Lymphocytes","TCELL 22013_1369_001.fcs","UCLA","1369","1",1,67520,"nonDebris",58093
"CCR7-CD45RA-","TCELL 22013_1369_001.fcs","UCLA","1369","1",0.329254446827299,2610,"CD4-CD8+",15419
"CCR7-CD45RA-","TCELL 22013_1369_001.fcs","UCLA","1369","1",0.192376227245729,5506,"CD4+CD8-",13293
"CD38+HLADR+","TCELL 22013_1369_001.fcs","UCLA","1369","1",0.0111012993566292,88,"CD4-CD8+",15419
"CCR7+CD45RA+","TCELL 22013_1369_001.fcs","UCLA","1369","1",0.412459382970546,11805,"CD4+CD8-",13293
"CCR7-CD45RA+","TCELL 22013_1369_001.fcs","UCLA","1369","1",0.0100974808706894,289,"CD4+CD8-",13293
"CCR7-CD45RA+","TCELL 22013_1369_001.fcs","UCLA","1369","1",0.0512173583953576,406,"CD4-CD8+",15419
"CD3","TCELL 22013_1369_001.fcs","UCLA","1369","1",0.729121651747436,42518,"Live",55285
"CCR7+CD45RA-","TCELL 22013_1369_001.fcs","UCLA","1369","1",0.259871325848366,2060,"CD4-CD8+",15419
"CCR7+CD45RA+","TCELL 22013_1369_001.fcs","UCLA","1369","1",0.359656868928977,2851,"CD4-CD8+",15419
"CD38+HLADR+","TCELL 22013_1369_002.fcs","UCLA","1369","2",0.0101140773844525,86,"CD4-CD8+",15419
"CCR7+CD45RA-","TCELL 22013_1369_002.fcs","UCLA","1369","2",0.201928731036105,1717,"CD4-CD8+",15419
"CCR7-CD45RA-","TCELL 22013_1369_002.fcs","UCLA","1369","2",0.392449723626955,3337,"CD4-CD8+",15419
"CD38+HLADR+","TCELL 22013_1369_002.fcs","UCLA","1369","2",0.0251312176300879,723,"CD4+CD8-",13293
"CCR7+CD45RA+","TCELL 22013_1369_002.fcs","UCLA","1369","2",0.352699047395037,2999,"CD4-CD8+",15419
"CCR7-CD45RA+","TCELL 22013_1369_002.fcs","UCLA","1369","2",0.0529224979419029,450,"CD4-CD8+",15419
"CD4-CD8+","TCELL 22013_1369_002.fcs","UCLA","1369","2",0.195471264367816,8503,"CD3",30937
"CCR7+CD45RA+","TCELL 22013_1369_002.fcs","UCLA","1369","2",0.431228057979075,12406,"CD4+CD8-",13293
"CCR7+CD45RA-","TCELL 22013_1369_002.fcs","UCLA","1369","2",0.365636622753658,10519,"CD4+CD8-",13293
"CD4+CD8-","TCELL 22013_1369_002.fcs","UCLA","1369","2",0.66135632183908,28769,"CD3",30937
"Lymphocytes","TCELL 22013_1369_002.fcs","UCLA","1369","2",1,67133,"nonDebris",58093
"CCR7-CD45RA+","TCELL 22013_1369_002.fcs","UCLA","1369","2",0.00855087072890959,246,"CD4+CD8-",13293
"CCR7-CD45RA-","TCELL 22013_1369_002.fcs","UCLA","1369","2",0.194584448538357,5598,"CD4+CD8-",13293
"CD3","TCELL 22013_1369_002.fcs","UCLA","1369","2",0.739343259229043,43500,"Live",55285
"CCR7+CD45RA+","TCELL 22013_1369_003.fcs","UCLA","1369","3",0.345970919961951,2546,"CD4-CD8+",15419
"CCR7-CD45RA-","TCELL 22013_1369_003.fcs","UCLA","1369","3",0.408479412963718,3006,"CD4-CD8+",15419
"CCR7-CD45RA+","TCELL 22013_1369_003.fcs","UCLA","1369","3",0.0747384155455904,550,"CD4-CD8+",15419
"CD4-CD8+","TCELL 22013_1369_003.fcs","UCLA","1369","3",0.177612048367244,7359,"CD3",30937
"CCR7+CD45RA+","TCELL 22013_1369_003.fcs","UCLA","1369","3",0.39181718953558,11128,"CD4+CD8-",13293
"CCR7-CD45RA+","TCELL 22013_1369_003.fcs","UCLA","1369","3",0.00774620611950283,220,"CD4+CD8-",13293
"CD38+HLADR+","TCELL 22013_1369_003.fcs","UCLA","1369","3",0.0278511320023943,791,"CD4+CD8-",13293
"CD38+HLADR+","TCELL 22013_1369_003.fcs","UCLA","1369","3",0.0150835711373828,111,"CD4-CD8+",15419
"CCR7-CD45RA-","TCELL 22013_1369_003.fcs","UCLA","1369","3",0.198232456603641,5630,"CD4+CD8-",13293
"CD3","TCELL 22013_1369_003.fcs","UCLA","1369","3",0.73477096596854,41433,"Live",55285
"CD4+CD8-","TCELL 22013_1369_003.fcs","UCLA","1369","3",0.685468105133589,28401,"CD3",30937
"CCR7+CD45RA-","TCELL 22013_1369_003.fcs","UCLA","1369","3",0.402204147741277,11423,"CD4+CD8-",13293
"CCR7+CD45RA-","TCELL 22013_1369_003.fcs","UCLA","1369","3",0.17081125152874,1257,"CD4-CD8+",15419
"Lymphocytes","TCELL 22013_1369_003.fcs","UCLA","1369","3",1,65786,"nonDebris",58093
