"","Phenotype","Population","Parent population","Filename","Center","Sample","Replicate","Cell count","Parent Cell count","Population #"
"1","","All cells","","B_CELL_12828_001_P1.fcs","CIMR","B_CELL_12828_001_P1","1","240644","","1"
"2","","Lymphocytes","All cells","B_CELL_12828_001_P1.fcs","CIMR","B_CELL_12828_001_P1","1","103316","240644","2"
"3","","Singlets","Lymphocytes","B_CELL_12828_001_P1.fcs","CIMR","B_CELL_12828_001_P1","1","99720","103316","3"
"4","","Live","Singlets","B_CELL_12828_001_P1.fcs","CIMR","B_CELL_12828_001_P1","1","95640","99720","4"
"5","CD3+","CD3+","Live","B_CELL_12828_001_P1.fcs","CIMR","B_CELL_12828_001_P1","1","60991","95640","5"
"6","CD19+","CD19+","Live","B_CELL_12828_001_P1.fcs","CIMR","B_CELL_12828_001_P1","1","14585","95640","6"
"7","CD20+","CD20+","Live","B_CELL_12828_001_P1.fcs","CIMR","B_CELL_12828_001_P1","1","14579","95640","7"
"8","IgD-CD27-","IgD-CD27-","CD19+CD20+","B_CELL_12828_001_P1.fcs","CIMR","B_CELL_12828_001_P1","1","3322","14448","8"
"9","IgD+CD27-","IgD+CD27-","CD19+CD20+","B_CELL_12828_001_P1.fcs","CIMR","B_CELL_12828_001_P1","1","10417","14448","9"
"10","IgD-CD27+","IgD-CD27+","CD19+CD20+","B_CELL_12828_001_P1.fcs","CIMR","B_CELL_12828_001_P1","1","575","14448","10"
"11","IgD+CD27+","IgD+CD27+","CD19+CD20+","B_CELL_12828_001_P1.fcs","CIMR","B_CELL_12828_001_P1","1","134","14448","11"
"12","CD38+CD24+","Transitional","CD19+CD20+","B_CELL_12828_001_P1.fcs","CIMR","B_CELL_12828_001_P1","1","1305","14448","12"
"13","CD38+CD27+","Plasmablasts","CD19+CD20-","B_CELL_12828_001_P1.fcs","CIMR","B_CELL_12828_001_P1","1","96","137","13"
"14","","All cells","","B_CELL_12828_002_P1.fcs","CIMR","B_CELL_12828_002_P1","2","258049","","1"
"15","","Lymphocytes","All cells","B_CELL_12828_002_P1.fcs","CIMR","B_CELL_12828_002_P1","2","115295","258049","2"
"16","","Singlets","Lymphocytes","B_CELL_12828_002_P1.fcs","CIMR","B_CELL_12828_002_P1","2","111203","115295","3"
"17","","Live","Singlets","B_CELL_12828_002_P1.fcs","CIMR","B_CELL_12828_002_P1","2","108979","111203","4"
"18","CD3+","CD3+","Live","B_CELL_12828_002_P1.fcs","CIMR","B_CELL_12828_002_P1","2","69245","108979","5"
"19","CD19+","CD19+","Live","B_CELL_12828_002_P1.fcs","CIMR","B_CELL_12828_002_P1","2","16445","108979","6"
"20","CD20+","CD20+","Live","B_CELL_12828_002_P1.fcs","CIMR","B_CELL_12828_002_P1","2","16462","108979","7"
"21","IgD-CD27-","IgD-CD27-","CD19+CD20+","B_CELL_12828_002_P1.fcs","CIMR","B_CELL_12828_002_P1","2","3254","16295","8"
"22","IgD+CD27-","IgD+CD27-","CD19+CD20+","B_CELL_12828_002_P1.fcs","CIMR","B_CELL_12828_002_P1","2","11882","16295","9"
"23","IgD-CD27+","IgD-CD27+","CD19+CD20+","B_CELL_12828_002_P1.fcs","CIMR","B_CELL_12828_002_P1","2","865","16295","10"
"24","IgD+CD27+","IgD+CD27+","CD19+CD20+","B_CELL_12828_002_P1.fcs","CIMR","B_CELL_12828_002_P1","2","293","16295","11"
"25","CD38+CD24+","Transitional","CD19+CD20+","B_CELL_12828_002_P1.fcs","CIMR","B_CELL_12828_002_P1","2","1469","16295","12"
"26","CD38+CD27+","Plasmablasts","CD19+CD20-","B_CELL_12828_002_P1.fcs","CIMR","B_CELL_12828_002_P1","2","96","150","13"
"27","","All cells","","B_CELL_12828_P1.fcs","CIMR","B_CELL_12828_P1","3","332968","","1"
"28","","Lymphocytes","All cells","B_CELL_12828_P1.fcs","CIMR","B_CELL_12828_P1","3","143924","332968","2"
"29","","Singlets","Lymphocytes","B_CELL_12828_P1.fcs","CIMR","B_CELL_12828_P1","3","138873","143924","3"
"30","","Live","Singlets","B_CELL_12828_P1.fcs","CIMR","B_CELL_12828_P1","3","136480","138873","4"
"31","CD3+","CD3+","Live","B_CELL_12828_P1.fcs","CIMR","B_CELL_12828_P1","3","87266","136480","5"
"32","CD19+","CD19+","Live","B_CELL_12828_P1.fcs","CIMR","B_CELL_12828_P1","3","20650","136480","6"
"33","CD20+","CD20+","Live","B_CELL_12828_P1.fcs","CIMR","B_CELL_12828_P1","3","20632","136480","7"
"34","IgD-CD27-","IgD-CD27-","CD19+CD20+","B_CELL_12828_P1.fcs","CIMR","B_CELL_12828_P1","3","4428","20435","8"
"35","IgD+CD27-","IgD+CD27-","CD19+CD20+","B_CELL_12828_P1.fcs","CIMR","B_CELL_12828_P1","3","14807","20435","9"
"36","IgD-CD27+","IgD-CD27+","CD19+CD20+","B_CELL_12828_P1.fcs","CIMR","B_CELL_12828_P1","3","907","20435","10"
"37","IgD+CD27+","IgD+CD27+","CD19+CD20+","B_CELL_12828_P1.fcs","CIMR","B_CELL_12828_P1","3","290","20435","11"
"38","CD38+CD24+","Transitional","CD19+CD20+","B_CELL_12828_P1.fcs","CIMR","B_CELL_12828_P1","3","1760","20435","12"
"39","CD38+CD27+","Plasmablasts","CD19+CD20-","B_CELL_12828_P1.fcs","CIMR","B_CELL_12828_P1","3","141","215","13"
"40","","All cells","","B_CELL_1349_001_P1.fcs","CIMR","B_CELL_1349_001_P1","1","153903","","1"
"41","","Lymphocytes","All cells","B_CELL_1349_001_P1.fcs","CIMR","B_CELL_1349_001_P1","1","62306","153903","2"
"42","","Singlets","Lymphocytes","B_CELL_1349_001_P1.fcs","CIMR","B_CELL_1349_001_P1","1","60126","62306","3"
"43","","Live","Singlets","B_CELL_1349_001_P1.fcs","CIMR","B_CELL_1349_001_P1","1","59235","60126","4"
"44","CD3+","CD3+","Live","B_CELL_1349_001_P1.fcs","CIMR","B_CELL_1349_001_P1","1","43041","59235","5"
"45","CD19+","CD19+","Live","B_CELL_1349_001_P1.fcs","CIMR","B_CELL_1349_001_P1","1","7848","59235","6"
"46","CD20+","CD20+","Live","B_CELL_1349_001_P1.fcs","CIMR","B_CELL_1349_001_P1","1","7904","59235","7"
"47","IgD-CD27-","IgD-CD27-","CD19+CD20+","B_CELL_1349_001_P1.fcs","CIMR","B_CELL_1349_001_P1","1","1002","7814","8"
"48","IgD+CD27-","IgD+CD27-","CD19+CD20+","B_CELL_1349_001_P1.fcs","CIMR","B_CELL_1349_001_P1","1","5116","7814","9"
"49","IgD-CD27+","IgD-CD27+","CD19+CD20+","B_CELL_1349_001_P1.fcs","CIMR","B_CELL_1349_001_P1","1","1351","7814","10"
"50","IgD+CD27+","IgD+CD27+","CD19+CD20+","B_CELL_1349_001_P1.fcs","CIMR","B_CELL_1349_001_P1","1","345","7814","11"
"51","CD38+CD24+","Transitional","CD19+CD20+","B_CELL_1349_001_P1.fcs","CIMR","B_CELL_1349_001_P1","1","495","7814","12"
"52","CD38+CD27+","Plasmablasts","CD19+CD20-","B_CELL_1349_001_P1.fcs","CIMR","B_CELL_1349_001_P1","1","17","34","13"
"53","","All cells","","B_CELL_1349_002_P1.fcs","CIMR","B_CELL_1349_002_P1","2","52197","","1"
"54","","Lymphocytes","All cells","B_CELL_1349_002_P1.fcs","CIMR","B_CELL_1349_002_P1","2","19629","52197","2"
"55","","Singlets","Lymphocytes","B_CELL_1349_002_P1.fcs","CIMR","B_CELL_1349_002_P1","2","18962","19629","3"
"56","","Live","Singlets","B_CELL_1349_002_P1.fcs","CIMR","B_CELL_1349_002_P1","2","18665","18962","4"
"57","CD3+","CD3+","Live","B_CELL_1349_002_P1.fcs","CIMR","B_CELL_1349_002_P1","2","13427","18665","5"
"58","CD19+","CD19+","Live","B_CELL_1349_002_P1.fcs","CIMR","B_CELL_1349_002_P1","2","2474","18665","6"
"59","CD20+","CD20+","Live","B_CELL_1349_002_P1.fcs","CIMR","B_CELL_1349_002_P1","2","2485","18665","7"
"60","IgD-CD27-","IgD-CD27-","CD19+CD20+","B_CELL_1349_002_P1.fcs","CIMR","B_CELL_1349_002_P1","2","253","2461","8"
"61","IgD+CD27-","IgD+CD27-","CD19+CD20+","B_CELL_1349_002_P1.fcs","CIMR","B_CELL_1349_002_P1","2","1573","2461","9"
"62","IgD-CD27+","IgD-CD27+","CD19+CD20+","B_CELL_1349_002_P1.fcs","CIMR","B_CELL_1349_002_P1","2","495","2461","10"
"63","IgD+CD27+","IgD+CD27+","CD19+CD20+","B_CELL_1349_002_P1.fcs","CIMR","B_CELL_1349_002_P1","2","140","2461","11"
"64","CD38+CD24+","Transitional","CD19+CD20+","B_CELL_1349_002_P1.fcs","CIMR","B_CELL_1349_002_P1","2","194","2461","12"
"65","CD38+CD27+","Plasmablasts","CD19+CD20-","B_CELL_1349_002_P1.fcs","CIMR","B_CELL_1349_002_P1","2","5","13","13"
"66","","All cells","","B_CELL_1349_P1.fcs","CIMR","B_CELL_1349_P1","3","171284","","1"
"67","","Lymphocytes","All cells","B_CELL_1349_P1.fcs","CIMR","B_CELL_1349_P1","3","69247","171284","2"
"68","","Singlets","Lymphocytes","B_CELL_1349_P1.fcs","CIMR","B_CELL_1349_P1","3","66818","69247","3"
"69","","Live","Singlets","B_CELL_1349_P1.fcs","CIMR","B_CELL_1349_P1","3","66027","66818","4"
"70","CD3+","CD3+","Live","B_CELL_1349_P1.fcs","CIMR","B_CELL_1349_P1","3","47997","66027","5"
"71","CD19+","CD19+","Live","B_CELL_1349_P1.fcs","CIMR","B_CELL_1349_P1","3","8757","66027","6"
"72","CD20+","CD20+","Live","B_CELL_1349_P1.fcs","CIMR","B_CELL_1349_P1","3","8792","66027","7"
"73","IgD-CD27-","IgD-CD27-","CD19+CD20+","B_CELL_1349_P1.fcs","CIMR","B_CELL_1349_P1","3","1080","8714","8"
"74","IgD+CD27-","IgD+CD27-","CD19+CD20+","B_CELL_1349_P1.fcs","CIMR","B_CELL_1349_P1","3","5630","8714","9"
"75","IgD-CD27+","IgD-CD27+","CD19+CD20+","B_CELL_1349_P1.fcs","CIMR","B_CELL_1349_P1","3","1602","8714","10"
"76","IgD+CD27+","IgD+CD27+","CD19+CD20+","B_CELL_1349_P1.fcs","CIMR","B_CELL_1349_P1","3","402","8714","11"
"77","CD38+CD24+","Transitional","CD19+CD20+","B_CELL_1349_P1.fcs","CIMR","B_CELL_1349_P1","3","643","8714","12"
"78","CD38+CD27+","Plasmablasts","CD19+CD20-","B_CELL_1349_P1.fcs","CIMR","B_CELL_1349_P1","3","16","43","13"
"79","","All cells","","B_CELL_1369_001_P1.fcs","CIMR","B_CELL_1369_001_P1","1","79971","","1"
"80","","Lymphocytes","All cells","B_CELL_1369_001_P1.fcs","CIMR","B_CELL_1369_001_P1","1","37048","79971","2"
"81","","Singlets","Lymphocytes","B_CELL_1369_001_P1.fcs","CIMR","B_CELL_1369_001_P1","1","35737","37048","3"
"82","","Live","Singlets","B_CELL_1369_001_P1.fcs","CIMR","B_CELL_1369_001_P1","1","35062","35737","4"
"83","CD3+","CD3+","Live","B_CELL_1369_001_P1.fcs","CIMR","B_CELL_1369_001_P1","1","23419","35062","5"
"84","CD19+","CD19+","Live","B_CELL_1369_001_P1.fcs","CIMR","B_CELL_1369_001_P1","1","4555","35062","6"
"85","CD20+","CD20+","Live","B_CELL_1369_001_P1.fcs","CIMR","B_CELL_1369_001_P1","1","4521","35062","7"
"86","IgD-CD27-","IgD-CD27-","CD19+CD20+","B_CELL_1369_001_P1.fcs","CIMR","B_CELL_1369_001_P1","1","574","4510","8"
"87","IgD+CD27-","IgD+CD27-","CD19+CD20+","B_CELL_1369_001_P1.fcs","CIMR","B_CELL_1369_001_P1","1","2981","4510","9"
"88","IgD-CD27+","IgD-CD27+","CD19+CD20+","B_CELL_1369_001_P1.fcs","CIMR","B_CELL_1369_001_P1","1","503","4510","10"
"89","IgD+CD27+","IgD+CD27+","CD19+CD20+","B_CELL_1369_001_P1.fcs","CIMR","B_CELL_1369_001_P1","1","452","4510","11"
"90","CD38+CD24+","Transitional","CD19+CD20+","B_CELL_1369_001_P1.fcs","CIMR","B_CELL_1369_001_P1","1","223","4510","12"
"91","CD38+CD27+","Plasmablasts","CD19+CD20-","B_CELL_1369_001_P1.fcs","CIMR","B_CELL_1369_001_P1","1","32","45","13"
"92","","All cells","","B_CELL_1369_002_P1.fcs","CIMR","B_CELL_1369_002_P1","2","116222","","1"
"93","","Lymphocytes","All cells","B_CELL_1369_002_P1.fcs","CIMR","B_CELL_1369_002_P1","2","54122","116222","2"
"94","","Singlets","Lymphocytes","B_CELL_1369_002_P1.fcs","CIMR","B_CELL_1369_002_P1","2","52222","54122","3"
"95","","Live","Singlets","B_CELL_1369_002_P1.fcs","CIMR","B_CELL_1369_002_P1","2","51202","52222","4"
"96","CD3+","CD3+","Live","B_CELL_1369_002_P1.fcs","CIMR","B_CELL_1369_002_P1","2","34489","51202","5"
"97","CD19+","CD19+","Live","B_CELL_1369_002_P1.fcs","CIMR","B_CELL_1369_002_P1","2","6382","51202","6"
"98","CD20+","CD20+","Live","B_CELL_1369_002_P1.fcs","CIMR","B_CELL_1369_002_P1","2","6364","51202","7"
"99","IgD-CD27-","IgD-CD27-","CD19+CD20+","B_CELL_1369_002_P1.fcs","CIMR","B_CELL_1369_002_P1","2","871","6335","8"
"100","IgD+CD27-","IgD+CD27-","CD19+CD20+","B_CELL_1369_002_P1.fcs","CIMR","B_CELL_1369_002_P1","2","4121","6335","9"
"101","IgD-CD27+","IgD-CD27+","CD19+CD20+","B_CELL_1369_002_P1.fcs","CIMR","B_CELL_1369_002_P1","2","739","6335","10"
"102","IgD+CD27+","IgD+CD27+","CD19+CD20+","B_CELL_1369_002_P1.fcs","CIMR","B_CELL_1369_002_P1","2","604","6335","11"
"103","CD38+CD24+","Transitional","CD19+CD20+","B_CELL_1369_002_P1.fcs","CIMR","B_CELL_1369_002_P1","2","305","6335","12"
"104","CD38+CD27+","Plasmablasts","CD19+CD20-","B_CELL_1369_002_P1.fcs","CIMR","B_CELL_1369_002_P1","2","36","47","13"
"105","","All cells","","B_CELL_1369_P1.fcs","CIMR","B_CELL_1369_P1","3","175923","","1"
"106","","Lymphocytes","All cells","B_CELL_1369_P1.fcs","CIMR","B_CELL_1369_P1","3","90152","175923","2"
"107","","Singlets","Lymphocytes","B_CELL_1369_P1.fcs","CIMR","B_CELL_1369_P1","3","86947","90152","3"
"108","","Live","Singlets","B_CELL_1369_P1.fcs","CIMR","B_CELL_1369_P1","3","84855","86947","4"
"109","CD3+","CD3+","Live","B_CELL_1369_P1.fcs","CIMR","B_CELL_1369_P1","3","57633","84855","5"
"110","CD19+","CD19+","Live","B_CELL_1369_P1.fcs","CIMR","B_CELL_1369_P1","3","11270","84855","6"
"111","CD20+","CD20+","Live","B_CELL_1369_P1.fcs","CIMR","B_CELL_1369_P1","3","11227","84855","7"
"112","IgD-CD27-","IgD-CD27-","CD19+CD20+","B_CELL_1369_P1.fcs","CIMR","B_CELL_1369_P1","3","1319","11199","8"
"113","IgD+CD27-","IgD+CD27-","CD19+CD20+","B_CELL_1369_P1.fcs","CIMR","B_CELL_1369_P1","3","7905","11199","9"
"114","IgD-CD27+","IgD-CD27+","CD19+CD20+","B_CELL_1369_P1.fcs","CIMR","B_CELL_1369_P1","3","1108","11199","10"
"115","IgD+CD27+","IgD+CD27+","CD19+CD20+","B_CELL_1369_P1.fcs","CIMR","B_CELL_1369_P1","3","867","11199","11"
"116","CD38+CD24+","Transitional","CD19+CD20+","B_CELL_1369_P1.fcs","CIMR","B_CELL_1369_P1","3","482","11199","12"
"117","CD38+CD27+","Plasmablasts","CD19+CD20-","B_CELL_1369_P1.fcs","CIMR","B_CELL_1369_P1","3","46","71","13"
"118","","All cells","","12828_1_B CELL.fcs","Baylor","12828_1_B CELL","1","391604","","1"
"119","","Lymphocytes","All cells","12828_1_B CELL.fcs","Baylor","12828_1_B CELL","1","194197","391604","2"
"120","","Singlets","Lymphocytes","12828_1_B CELL.fcs","Baylor","12828_1_B CELL","1","189201","194197","3"
"121","","Live","Singlets","12828_1_B CELL.fcs","Baylor","12828_1_B CELL","1","181514","189201","4"
"122","CD3+","CD3+","Live","12828_1_B CELL.fcs","Baylor","12828_1_B CELL","1","106908","181514","5"
"123","CD19+","CD19+","Live","12828_1_B CELL.fcs","Baylor","12828_1_B CELL","1","47225","181514","6"
"124","CD20+","CD20+","Live","12828_1_B CELL.fcs","Baylor","12828_1_B CELL","1","47833","181514","7"
"125","IgD-CD27-","IgD-CD27-","CD19+CD20+","12828_1_B CELL.fcs","Baylor","12828_1_B CELL","1","5520","46740","8"
"126","IgD+CD27-","IgD+CD27-","CD19+CD20+","12828_1_B CELL.fcs","Baylor","12828_1_B CELL","1","37560","46740","9"
"127","IgD-CD27+","IgD-CD27+","CD19+CD20+","12828_1_B CELL.fcs","Baylor","12828_1_B CELL","1","2029","46740","10"
"128","IgD+CD27+","IgD+CD27+","CD19+CD20+","12828_1_B CELL.fcs","Baylor","12828_1_B CELL","1","1631","46740","11"
"129","CD38+CD24+","Transitional","CD19+CD20+","12828_1_B CELL.fcs","Baylor","12828_1_B CELL","1","5337","46740","12"
"130","CD38+CD27+","Plasmablasts","CD19+CD20-","12828_1_B CELL.fcs","Baylor","12828_1_B CELL","1","130","485","13"
"131","","All cells","","12828_2_B CELL.fcs","Baylor","12828_2_B CELL","2","387788","","1"
"132","","Lymphocytes","All cells","12828_2_B CELL.fcs","Baylor","12828_2_B CELL","2","188058","387788","2"
"133","","Singlets","Lymphocytes","12828_2_B CELL.fcs","Baylor","12828_2_B CELL","2","183198","188058","3"
"134","","Live","Singlets","12828_2_B CELL.fcs","Baylor","12828_2_B CELL","2","175962","183198","4"
"135","CD3+","CD3+","Live","12828_2_B CELL.fcs","Baylor","12828_2_B CELL","2","103371","175962","5"
"136","CD19+","CD19+","Live","12828_2_B CELL.fcs","Baylor","12828_2_B CELL","2","46337","175962","6"
"137","CD20+","CD20+","Live","12828_2_B CELL.fcs","Baylor","12828_2_B CELL","2","46969","175962","7"
"138","IgD-CD27-","IgD-CD27-","CD19+CD20+","12828_2_B CELL.fcs","Baylor","12828_2_B CELL","2","5991","45941","8"
"139","IgD+CD27-","IgD+CD27-","CD19+CD20+","12828_2_B CELL.fcs","Baylor","12828_2_B CELL","2","37231","45941","9"
"140","IgD-CD27+","IgD-CD27+","CD19+CD20+","12828_2_B CELL.fcs","Baylor","12828_2_B CELL","2","1654","45941","10"
"141","IgD+CD27+","IgD+CD27+","CD19+CD20+","12828_2_B CELL.fcs","Baylor","12828_2_B CELL","2","1066","45941","11"
"142","CD38+CD24+","Transitional","CD19+CD20+","12828_2_B CELL.fcs","Baylor","12828_2_B CELL","2","5294","45941","12"
"143","CD38+CD27+","Plasmablasts","CD19+CD20-","12828_2_B CELL.fcs","Baylor","12828_2_B CELL","2","126","396","13"
"144","","All cells","","12828_3_B CELL.fcs","Baylor","12828_3_B CELL","3","375541","","1"
"145","","Lymphocytes","All cells","12828_3_B CELL.fcs","Baylor","12828_3_B CELL","3","181781","375541","2"
"146","","Singlets","Lymphocytes","12828_3_B CELL.fcs","Baylor","12828_3_B CELL","3","177648","181781","3"
"147","","Live","Singlets","12828_3_B CELL.fcs","Baylor","12828_3_B CELL","3","171193","177648","4"
"148","CD3+","CD3+","Live","12828_3_B CELL.fcs","Baylor","12828_3_B CELL","3","104210","171193","5"
"149","CD19+","CD19+","Live","12828_3_B CELL.fcs","Baylor","12828_3_B CELL","3","41543","171193","6"
"150","CD20+","CD20+","Live","12828_3_B CELL.fcs","Baylor","12828_3_B CELL","3","42261","171193","7"
"151","IgD-CD27-","IgD-CD27-","CD19+CD20+","12828_3_B CELL.fcs","Baylor","12828_3_B CELL","3","4815","41085","8"
"152","IgD+CD27-","IgD+CD27-","CD19+CD20+","12828_3_B CELL.fcs","Baylor","12828_3_B CELL","3","33390","41085","9"
"153","IgD-CD27+","IgD-CD27+","CD19+CD20+","12828_3_B CELL.fcs","Baylor","12828_3_B CELL","3","1516","41085","10"
"154","IgD+CD27+","IgD+CD27+","CD19+CD20+","12828_3_B CELL.fcs","Baylor","12828_3_B CELL","3","1364","41085","11"
"155","CD38+CD24+","Transitional","CD19+CD20+","12828_3_B CELL.fcs","Baylor","12828_3_B CELL","3","4939","41085","12"
"156","CD38+CD27+","Plasmablasts","CD19+CD20-","12828_3_B CELL.fcs","Baylor","12828_3_B CELL","3","144","458","13"
"157","","All cells","","1349_1_B CELL.fcs","Baylor","1349_1_B CELL","1","442685","","1"
"158","","Lymphocytes","All cells","1349_1_B CELL.fcs","Baylor","1349_1_B CELL","1","185044","442685","2"
"159","","Singlets","Lymphocytes","1349_1_B CELL.fcs","Baylor","1349_1_B CELL","1","180471","185044","3"
"160","","Live","Singlets","1349_1_B CELL.fcs","Baylor","1349_1_B CELL","1","176134","180471","4"
"161","CD3+","CD3+","Live","1349_1_B CELL.fcs","Baylor","1349_1_B CELL","1","114765","176134","5"
"162","CD19+","CD19+","Live","1349_1_B CELL.fcs","Baylor","1349_1_B CELL","1","31562","176134","6"
"163","CD20+","CD20+","Live","1349_1_B CELL.fcs","Baylor","1349_1_B CELL","1","31741","176134","7"
"164","IgD-CD27-","IgD-CD27-","CD19+CD20+","1349_1_B CELL.fcs","Baylor","1349_1_B CELL","1","3724","31060","8"
"165","IgD+CD27-","IgD+CD27-","CD19+CD20+","1349_1_B CELL.fcs","Baylor","1349_1_B CELL","1","21208","31060","9"
"166","IgD-CD27+","IgD-CD27+","CD19+CD20+","1349_1_B CELL.fcs","Baylor","1349_1_B CELL","1","4389","31060","10"
"167","IgD+CD27+","IgD+CD27+","CD19+CD20+","1349_1_B CELL.fcs","Baylor","1349_1_B CELL","1","1739","31060","11"
"168","CD38+CD24+","Transitional","CD19+CD20+","1349_1_B CELL.fcs","Baylor","1349_1_B CELL","1","1387","31060","12"
"169","CD38+CD27+","Plasmablasts","CD19+CD20-","1349_1_B CELL.fcs","Baylor","1349_1_B CELL","1","62","502","13"
"170","","All cells","","1349_2_B CELL.fcs","Baylor","1349_2_B CELL","2","449199","","1"
"171","","Lymphocytes","All cells","1349_2_B CELL.fcs","Baylor","1349_2_B CELL","2","176024","449199","2"
"172","","Singlets","Lymphocytes","1349_2_B CELL.fcs","Baylor","1349_2_B CELL","2","171716","176024","3"
"173","","Live","Singlets","1349_2_B CELL.fcs","Baylor","1349_2_B CELL","2","167924","171716","4"
"174","CD3+","CD3+","Live","1349_2_B CELL.fcs","Baylor","1349_2_B CELL","2","108141","167924","5"
"175","CD19+","CD19+","Live","1349_2_B CELL.fcs","Baylor","1349_2_B CELL","2","31770","167924","6"
"176","CD20+","CD20+","Live","1349_2_B CELL.fcs","Baylor","1349_2_B CELL","2","32087","167924","7"
"177","IgD-CD27-","IgD-CD27-","CD19+CD20+","1349_2_B CELL.fcs","Baylor","1349_2_B CELL","2","3689","31318","8"
"178","IgD+CD27-","IgD+CD27-","CD19+CD20+","1349_2_B CELL.fcs","Baylor","1349_2_B CELL","2","21262","31318","9"
"179","IgD-CD27+","IgD-CD27+","CD19+CD20+","1349_2_B CELL.fcs","Baylor","1349_2_B CELL","2","4644","31318","10"
"180","IgD+CD27+","IgD+CD27+","CD19+CD20+","1349_2_B CELL.fcs","Baylor","1349_2_B CELL","2","1722","31318","11"
"181","CD38+CD24+","Transitional","CD19+CD20+","1349_2_B CELL.fcs","Baylor","1349_2_B CELL","2","2303","31318","12"
"182","CD38+CD27+","Plasmablasts","CD19+CD20-","1349_2_B CELL.fcs","Baylor","1349_2_B CELL","2","58","452","13"
"183","","All cells","","1349_3_B CELL.fcs","Baylor","1349_3_B CELL","3","411024","","1"
"184","","Lymphocytes","All cells","1349_3_B CELL.fcs","Baylor","1349_3_B CELL","3","175236","411024","2"
"185","","Singlets","Lymphocytes","1349_3_B CELL.fcs","Baylor","1349_3_B CELL","3","171239","175236","3"
"186","","Live","Singlets","1349_3_B CELL.fcs","Baylor","1349_3_B CELL","3","167602","171239","4"
"187","CD3+","CD3+","Live","1349_3_B CELL.fcs","Baylor","1349_3_B CELL","3","108491","167602","5"
"188","CD19+","CD19+","Live","1349_3_B CELL.fcs","Baylor","1349_3_B CELL","3","30979","167602","6"
"189","CD20+","CD20+","Live","1349_3_B CELL.fcs","Baylor","1349_3_B CELL","3","31228","167602","7"
"190","IgD-CD27-","IgD-CD27-","CD19+CD20+","1349_3_B CELL.fcs","Baylor","1349_3_B CELL","3","2981","30476","8"
"191","IgD+CD27-","IgD+CD27-","CD19+CD20+","1349_3_B CELL.fcs","Baylor","1349_3_B CELL","3","20980","30476","9"
"192","IgD-CD27+","IgD-CD27+","CD19+CD20+","1349_3_B CELL.fcs","Baylor","1349_3_B CELL","3","4437","30476","10"
"193","IgD+CD27+","IgD+CD27+","CD19+CD20+","1349_3_B CELL.fcs","Baylor","1349_3_B CELL","3","2078","30476","11"
"194","CD38+CD24+","Transitional","CD19+CD20+","1349_3_B CELL.fcs","Baylor","1349_3_B CELL","3","1768","30476","12"
"195","CD38+CD27+","Plasmablasts","CD19+CD20-","1349_3_B CELL.fcs","Baylor","1349_3_B CELL","3","60","503","13"
"196","","All cells","","1369_1_B CELL.fcs","Baylor","1369_1_B CELL","1","218225","","1"
"197","","Lymphocytes","All cells","1369_1_B CELL.fcs","Baylor","1369_1_B CELL","1","139220","218225","2"
"198","","Singlets","Lymphocytes","1369_1_B CELL.fcs","Baylor","1369_1_B CELL","1","135998","139220","3"
"199","","Live","Singlets","1369_1_B CELL.fcs","Baylor","1369_1_B CELL","1","127838","135998","4"
"200","CD3+","CD3+","Live","1369_1_B CELL.fcs","Baylor","1369_1_B CELL","1","93133","127838","5"
"201","CD19+","CD19+","Live","1369_1_B CELL.fcs","Baylor","1369_1_B CELL","1","21183","127838","6"
"202","CD20+","CD20+","Live","1369_1_B CELL.fcs","Baylor","1369_1_B CELL","1","21296","127838","7"
"203","IgD-CD27-","IgD-CD27-","CD19+CD20+","1369_1_B CELL.fcs","Baylor","1369_1_B CELL","1","3841","21036","8"
"204","IgD+CD27-","IgD+CD27-","CD19+CD20+","1369_1_B CELL.fcs","Baylor","1369_1_B CELL","1","13863","21036","9"
"205","IgD-CD27+","IgD-CD27+","CD19+CD20+","1369_1_B CELL.fcs","Baylor","1369_1_B CELL","1","2346","21036","10"
"206","IgD+CD27+","IgD+CD27+","CD19+CD20+","1369_1_B CELL.fcs","Baylor","1369_1_B CELL","1","987","21036","11"
"207","CD38+CD24+","Transitional","CD19+CD20+","1369_1_B CELL.fcs","Baylor","1369_1_B CELL","1","804","21036","12"
"208","CD38+CD27+","Plasmablasts","CD19+CD20-","1369_1_B CELL.fcs","Baylor","1369_1_B CELL","1","47","147","13"
"209","","All cells","","1369_2_B CELL.fcs","Baylor","1369_2_B CELL","2","210096","","1"
"210","","Lymphocytes","All cells","1369_2_B CELL.fcs","Baylor","1369_2_B CELL","2","134930","210096","2"
"211","","Singlets","Lymphocytes","1369_2_B CELL.fcs","Baylor","1369_2_B CELL","2","131605","134930","3"
"212","","Live","Singlets","1369_2_B CELL.fcs","Baylor","1369_2_B CELL","2","123708","131605","4"
"213","CD3+","CD3+","Live","1369_2_B CELL.fcs","Baylor","1369_2_B CELL","2","90140","123708","5"
"214","CD19+","CD19+","Live","1369_2_B CELL.fcs","Baylor","1369_2_B CELL","2","20019","123708","6"
"215","CD20+","CD20+","Live","1369_2_B CELL.fcs","Baylor","1369_2_B CELL","2","20186","123708","7"
"216","IgD-CD27-","IgD-CD27-","CD19+CD20+","1369_2_B CELL.fcs","Baylor","1369_2_B CELL","2","4294","19898","8"
"217","IgD+CD27-","IgD+CD27-","CD19+CD20+","1369_2_B CELL.fcs","Baylor","1369_2_B CELL","2","12999","19898","9"
"218","IgD-CD27+","IgD-CD27+","CD19+CD20+","1369_2_B CELL.fcs","Baylor","1369_2_B CELL","2","1910","19898","10"
"219","IgD+CD27+","IgD+CD27+","CD19+CD20+","1369_2_B CELL.fcs","Baylor","1369_2_B CELL","2","694","19898","11"
"220","CD38+CD24+","Transitional","CD19+CD20+","1369_2_B CELL.fcs","Baylor","1369_2_B CELL","2","868","19898","12"
"221","CD38+CD27+","Plasmablasts","CD19+CD20-","1369_2_B CELL.fcs","Baylor","1369_2_B CELL","2","47","121","13"
"222","","All cells","","1369_3_B CELL.fcs","Baylor","1369_3_B CELL","3","217250","","1"
"223","","Lymphocytes","All cells","1369_3_B CELL.fcs","Baylor","1369_3_B CELL","3","141107","217250","2"
"224","","Singlets","Lymphocytes","1369_3_B CELL.fcs","Baylor","1369_3_B CELL","3","137928","141107","3"
"225","","Live","Singlets","1369_3_B CELL.fcs","Baylor","1369_3_B CELL","3","129652","137928","4"
"226","CD3+","CD3+","Live","1369_3_B CELL.fcs","Baylor","1369_3_B CELL","3","94790","129652","5"
"227","CD19+","CD19+","Live","1369_3_B CELL.fcs","Baylor","1369_3_B CELL","3","21012","129652","6"
"228","CD20+","CD20+","Live","1369_3_B CELL.fcs","Baylor","1369_3_B CELL","3","21255","129652","7"
"229","IgD-CD27-","IgD-CD27-","CD19+CD20+","1369_3_B CELL.fcs","Baylor","1369_3_B CELL","3","3618","20904","8"
"230","IgD+CD27-","IgD+CD27-","CD19+CD20+","1369_3_B CELL.fcs","Baylor","1369_3_B CELL","3","13899","20904","9"
"231","IgD-CD27+","IgD-CD27+","CD19+CD20+","1369_3_B CELL.fcs","Baylor","1369_3_B CELL","3","2258","20904","10"
"232","IgD+CD27+","IgD+CD27+","CD19+CD20+","1369_3_B CELL.fcs","Baylor","1369_3_B CELL","3","1127","20904","11"
"233","CD38+CD24+","Transitional","CD19+CD20+","1369_3_B CELL.fcs","Baylor","1369_3_B CELL","3","607","20904","12"
"234","CD38+CD27+","Plasmablasts","CD19+CD20-","1369_3_B CELL.fcs","Baylor","1369_3_B CELL","3","33","108","13"
"235","","All cells","","BCELL 22013_12828_001.fcs","UCLA","BCELL 22013_12828_001","1","245732","","1"
"236","","Lymphocytes","All cells","BCELL 22013_12828_001.fcs","UCLA","BCELL 22013_12828_001","1","110466","245732","2"
"237","","Singlets","Lymphocytes","BCELL 22013_12828_001.fcs","UCLA","BCELL 22013_12828_001","1","106160","110466","3"
"238","","Live","Singlets","BCELL 22013_12828_001.fcs","UCLA","BCELL 22013_12828_001","1","100852","106160","4"
"239","CD3+","CD3+","Live","BCELL 22013_12828_001.fcs","UCLA","BCELL 22013_12828_001","1","64736","100852","5"
"240","CD19+","CD19+","Live","BCELL 22013_12828_001.fcs","UCLA","BCELL 22013_12828_001","1","15649","100852","6"
"241","CD20+","CD20+","Live","BCELL 22013_12828_001.fcs","UCLA","BCELL 22013_12828_001","1","15572","100852","7"
"242","IgD-CD27-","IgD-CD27-","CD19+CD20+","BCELL 22013_12828_001.fcs","UCLA","BCELL 22013_12828_001","1","1658","15321","8"
"243","IgD+CD27-","IgD+CD27-","CD19+CD20+","BCELL 22013_12828_001.fcs","UCLA","BCELL 22013_12828_001","1","12683","15321","9"
"244","IgD-CD27+","IgD-CD27+","CD19+CD20+","BCELL 22013_12828_001.fcs","UCLA","BCELL 22013_12828_001","1","628","15321","10"
"245","IgD+CD27+","IgD+CD27+","CD19+CD20+","BCELL 22013_12828_001.fcs","UCLA","BCELL 22013_12828_001","1","352","15321","11"
"246","CD38+CD24+","Transitional","CD19+CD20+","BCELL 22013_12828_001.fcs","UCLA","BCELL 22013_12828_001","1","2025","15321","12"
"247","CD38+CD27+","Plasmablasts","CD19+CD20-","BCELL 22013_12828_001.fcs","UCLA","BCELL 22013_12828_001","1","125","328","13"
"248","","All cells","","BCELL 22013_12828_002.fcs","UCLA","BCELL 22013_12828_002","2","211646","","1"
"249","","Lymphocytes","All cells","BCELL 22013_12828_002.fcs","UCLA","BCELL 22013_12828_002","2","97449","211646","2"
"250","","Singlets","Lymphocytes","BCELL 22013_12828_002.fcs","UCLA","BCELL 22013_12828_002","2","93705","97449","3"
"251","","Live","Singlets","BCELL 22013_12828_002.fcs","UCLA","BCELL 22013_12828_002","2","89019","93705","4"
"252","CD3+","CD3+","Live","BCELL 22013_12828_002.fcs","UCLA","BCELL 22013_12828_002","2","55589","89019","5"
"253","CD19+","CD19+","Live","BCELL 22013_12828_002.fcs","UCLA","BCELL 22013_12828_002","2","16003","89019","6"
"254","CD20+","CD20+","Live","BCELL 22013_12828_002.fcs","UCLA","BCELL 22013_12828_002","2","16088","89019","7"
"255","IgD-CD27-","IgD-CD27-","CD19+CD20+","BCELL 22013_12828_002.fcs","UCLA","BCELL 22013_12828_002","2","1787","15776","8"
"256","IgD+CD27-","IgD+CD27-","CD19+CD20+","BCELL 22013_12828_002.fcs","UCLA","BCELL 22013_12828_002","2","12878","15776","9"
"257","IgD-CD27+","IgD-CD27+","CD19+CD20+","BCELL 22013_12828_002.fcs","UCLA","BCELL 22013_12828_002","2","729","15776","10"
"258","IgD+CD27+","IgD+CD27+","CD19+CD20+","BCELL 22013_12828_002.fcs","UCLA","BCELL 22013_12828_002","2","382","15776","11"
"259","CD38+CD24+","Transitional","CD19+CD20+","BCELL 22013_12828_002.fcs","UCLA","BCELL 22013_12828_002","2","1496","15776","12"
"260","CD38+CD27+","Plasmablasts","CD19+CD20-","BCELL 22013_12828_002.fcs","UCLA","BCELL 22013_12828_002","2","89","227","13"
"261","","All cells","","BCELL 22013_12828_003.fcs","UCLA","BCELL 22013_12828_003","3","239654","","1"
"262","","Lymphocytes","All cells","BCELL 22013_12828_003.fcs","UCLA","BCELL 22013_12828_003","3","114493","239654","2"
"263","","Singlets","Lymphocytes","BCELL 22013_12828_003.fcs","UCLA","BCELL 22013_12828_003","3","109883","114493","3"
"264","","Live","Singlets","BCELL 22013_12828_003.fcs","UCLA","BCELL 22013_12828_003","3","104388","109883","4"
"265","CD3+","CD3+","Live","BCELL 22013_12828_003.fcs","UCLA","BCELL 22013_12828_003","3","65512","104388","5"
"266","CD19+","CD19+","Live","BCELL 22013_12828_003.fcs","UCLA","BCELL 22013_12828_003","3","17767","104388","6"
"267","CD20+","CD20+","Live","BCELL 22013_12828_003.fcs","UCLA","BCELL 22013_12828_003","3","17728","104388","7"
"268","IgD-CD27-","IgD-CD27-","CD19+CD20+","BCELL 22013_12828_003.fcs","UCLA","BCELL 22013_12828_003","3","1523","17426","8"
"269","IgD+CD27-","IgD+CD27-","CD19+CD20+","BCELL 22013_12828_003.fcs","UCLA","BCELL 22013_12828_003","3","15032","17426","9"
"270","IgD-CD27+","IgD-CD27+","CD19+CD20+","BCELL 22013_12828_003.fcs","UCLA","BCELL 22013_12828_003","3","512","17426","10"
"271","IgD+CD27+","IgD+CD27+","CD19+CD20+","BCELL 22013_12828_003.fcs","UCLA","BCELL 22013_12828_003","3","357","17426","11"
"272","CD38+CD24+","Transitional","CD19+CD20+","BCELL 22013_12828_003.fcs","UCLA","BCELL 22013_12828_003","3","1906","17426","12"
"273","CD38+CD27+","Plasmablasts","CD19+CD20-","BCELL 22013_12828_003.fcs","UCLA","BCELL 22013_12828_003","3","111","341","13"
"274","","All cells","","BCELL 22013_1349_001.fcs","UCLA","BCELL 22013_1349_001","1","218648","","1"
"275","","Lymphocytes","All cells","BCELL 22013_1349_001.fcs","UCLA","BCELL 22013_1349_001","1","95121","218648","2"
"276","","Singlets","Lymphocytes","BCELL 22013_1349_001.fcs","UCLA","BCELL 22013_1349_001","1","91799","95121","3"
"277","","Live","Singlets","BCELL 22013_1349_001.fcs","UCLA","BCELL 22013_1349_001","1","87209","91799","4"
"278","CD3+","CD3+","Live","BCELL 22013_1349_001.fcs","UCLA","BCELL 22013_1349_001","1","71963","87209","5"
"279","CD19+","CD19+","Live","BCELL 22013_1349_001.fcs","UCLA","BCELL 22013_1349_001","1","6807","87209","6"
"280","CD20+","CD20+","Live","BCELL 22013_1349_001.fcs","UCLA","BCELL 22013_1349_001","1","6819","87209","7"
"281","IgD-CD27-","IgD-CD27-","CD19+CD20+","BCELL 22013_1349_001.fcs","UCLA","BCELL 22013_1349_001","1","739","6649","8"
"282","IgD+CD27-","IgD+CD27-","CD19+CD20+","BCELL 22013_1349_001.fcs","UCLA","BCELL 22013_1349_001","1","4421","6649","9"
"283","IgD-CD27+","IgD-CD27+","CD19+CD20+","BCELL 22013_1349_001.fcs","UCLA","BCELL 22013_1349_001","1","1115","6649","10"
"284","IgD+CD27+","IgD+CD27+","CD19+CD20+","BCELL 22013_1349_001.fcs","UCLA","BCELL 22013_1349_001","1","374","6649","11"
"285","CD38+CD24+","Transitional","CD19+CD20+","BCELL 22013_1349_001.fcs","UCLA","BCELL 22013_1349_001","1","441","6649","12"
"286","CD38+CD27+","Plasmablasts","CD19+CD20-","BCELL 22013_1349_001.fcs","UCLA","BCELL 22013_1349_001","1","35","158","13"
"287","","All cells","","BCELL 22013_1349_002.fcs","UCLA","BCELL 22013_1349_002","2","284228","","1"
"288","","Lymphocytes","All cells","BCELL 22013_1349_002.fcs","UCLA","BCELL 22013_1349_002","2","96544","284228","2"
"289","","Singlets","Lymphocytes","BCELL 22013_1349_002.fcs","UCLA","BCELL 22013_1349_002","2","93137","96544","3"
"290","","Live","Singlets","BCELL 22013_1349_002.fcs","UCLA","BCELL 22013_1349_002","2","88480","93137","4"
"291","CD3+","CD3+","Live","BCELL 22013_1349_002.fcs","UCLA","BCELL 22013_1349_002","2","71479","88480","5"
"292","CD19+","CD19+","Live","BCELL 22013_1349_002.fcs","UCLA","BCELL 22013_1349_002","2","8231","88480","6"
"293","CD20+","CD20+","Live","BCELL 22013_1349_002.fcs","UCLA","BCELL 22013_1349_002","2","8241","88480","7"
"294","IgD-CD27-","IgD-CD27-","CD19+CD20+","BCELL 22013_1349_002.fcs","UCLA","BCELL 22013_1349_002","2","601","8065","8"
"295","IgD+CD27-","IgD+CD27-","CD19+CD20+","BCELL 22013_1349_002.fcs","UCLA","BCELL 22013_1349_002","2","5709","8065","9"
"296","IgD-CD27+","IgD-CD27+","CD19+CD20+","BCELL 22013_1349_002.fcs","UCLA","BCELL 22013_1349_002","2","1211","8065","10"
"297","IgD+CD27+","IgD+CD27+","CD19+CD20+","BCELL 22013_1349_002.fcs","UCLA","BCELL 22013_1349_002","2","544","8065","11"
"298","CD38+CD24+","Transitional","CD19+CD20+","BCELL 22013_1349_002.fcs","UCLA","BCELL 22013_1349_002","2","716","8065","12"
"299","CD38+CD27+","Plasmablasts","CD19+CD20-","BCELL 22013_1349_002.fcs","UCLA","BCELL 22013_1349_002","2","39","166","13"
"300","","All cells","","BCELL 22013_1349_003.fcs","UCLA","BCELL 22013_1349_003","3","230114","","1"
"301","","Lymphocytes","All cells","BCELL 22013_1349_003.fcs","UCLA","BCELL 22013_1349_003","3","97378","230114","2"
"302","","Singlets","Lymphocytes","BCELL 22013_1349_003.fcs","UCLA","BCELL 22013_1349_003","3","93463","97378","3"
"303","","Live","Singlets","BCELL 22013_1349_003.fcs","UCLA","BCELL 22013_1349_003","3","88789","93463","4"
"304","CD3+","CD3+","Live","BCELL 22013_1349_003.fcs","UCLA","BCELL 22013_1349_003","3","71423","88789","5"
"305","CD19+","CD19+","Live","BCELL 22013_1349_003.fcs","UCLA","BCELL 22013_1349_003","3","8531","88789","6"
"306","CD20+","CD20+","Live","BCELL 22013_1349_003.fcs","UCLA","BCELL 22013_1349_003","3","8603","88789","7"
"307","IgD-CD27-","IgD-CD27-","CD19+CD20+","BCELL 22013_1349_003.fcs","UCLA","BCELL 22013_1349_003","3","795","8350","8"
"308","IgD+CD27-","IgD+CD27-","CD19+CD20+","BCELL 22013_1349_003.fcs","UCLA","BCELL 22013_1349_003","3","5624","8350","9"
"309","IgD-CD27+","IgD-CD27+","CD19+CD20+","BCELL 22013_1349_003.fcs","UCLA","BCELL 22013_1349_003","3","1468","8350","10"
"310","IgD+CD27+","IgD+CD27+","CD19+CD20+","BCELL 22013_1349_003.fcs","UCLA","BCELL 22013_1349_003","3","463","8350","11"
"311","CD38+CD24+","Transitional","CD19+CD20+","BCELL 22013_1349_003.fcs","UCLA","BCELL 22013_1349_003","3","458","8350","12"
"312","CD38+CD27+","Plasmablasts","CD19+CD20-","BCELL 22013_1349_003.fcs","UCLA","BCELL 22013_1349_003","3","33","181","13"
"313","","All cells","","BCELL 22013_1369_001.fcs","UCLA","BCELL 22013_1369_001","1","196873","","1"
"314","","Lymphocytes","All cells","BCELL 22013_1369_001.fcs","UCLA","BCELL 22013_1369_001","1","107168","196873","2"
"315","","Singlets","Lymphocytes","BCELL 22013_1369_001.fcs","UCLA","BCELL 22013_1369_001","1","103298","107168","3"
"316","","Live","Singlets","BCELL 22013_1369_001.fcs","UCLA","BCELL 22013_1369_001","1","98133","103298","4"
"317","CD3+","CD3+","Live","BCELL 22013_1369_001.fcs","UCLA","BCELL 22013_1369_001","1","72517","98133","5"
"318","CD19+","CD19+","Live","BCELL 22013_1369_001.fcs","UCLA","BCELL 22013_1369_001","1","9461","98133","6"
"319","CD20+","CD20+","Live","BCELL 22013_1369_001.fcs","UCLA","BCELL 22013_1369_001","1","9515","98133","7"
"320","IgD-CD27-","IgD-CD27-","CD19+CD20+","BCELL 22013_1369_001.fcs","UCLA","BCELL 22013_1369_001","1","994","9377","8"
"321","IgD+CD27-","IgD+CD27-","CD19+CD20+","BCELL 22013_1369_001.fcs","UCLA","BCELL 22013_1369_001","1","6293","9377","9"
"322","IgD-CD27+","IgD-CD27+","CD19+CD20+","BCELL 22013_1369_001.fcs","UCLA","BCELL 22013_1369_001","1","1018","9377","10"
"323","IgD+CD27+","IgD+CD27+","CD19+CD20+","BCELL 22013_1369_001.fcs","UCLA","BCELL 22013_1369_001","1","1072","9377","11"
"324","CD38+CD24+","Transitional","CD19+CD20+","BCELL 22013_1369_001.fcs","UCLA","BCELL 22013_1369_001","1","303","9377","12"
"325","CD38+CD27+","Plasmablasts","CD19+CD20-","BCELL 22013_1369_001.fcs","UCLA","BCELL 22013_1369_001","1","51","84","13"
"326","","All cells","","BCELL 22013_1369_002.fcs","UCLA","BCELL 22013_1369_002","2","199134","","1"
"327","","Lymphocytes","All cells","BCELL 22013_1369_002.fcs","UCLA","BCELL 22013_1369_002","2","107994","199134","2"
"328","","Singlets","Lymphocytes","BCELL 22013_1369_002.fcs","UCLA","BCELL 22013_1369_002","2","104009","107994","3"
"329","","Live","Singlets","BCELL 22013_1369_002.fcs","UCLA","BCELL 22013_1369_002","2","98808","104009","4"
"330","CD3+","CD3+","Live","BCELL 22013_1369_002.fcs","UCLA","BCELL 22013_1369_002","2","71615","98808","5"
"331","CD19+","CD19+","Live","BCELL 22013_1369_002.fcs","UCLA","BCELL 22013_1369_002","2","10244","98808","6"
"332","CD20+","CD20+","Live","BCELL 22013_1369_002.fcs","UCLA","BCELL 22013_1369_002","2","10360","98808","7"
"333","IgD-CD27-","IgD-CD27-","CD19+CD20+","BCELL 22013_1369_002.fcs","UCLA","BCELL 22013_1369_002","2","1092","10164","8"
"334","IgD+CD27-","IgD+CD27-","CD19+CD20+","BCELL 22013_1369_002.fcs","UCLA","BCELL 22013_1369_002","2","6492","10164","9"
"335","IgD-CD27+","IgD-CD27+","CD19+CD20+","BCELL 22013_1369_002.fcs","UCLA","BCELL 22013_1369_002","2","1244","10164","10"
"336","IgD+CD27+","IgD+CD27+","CD19+CD20+","BCELL 22013_1369_002.fcs","UCLA","BCELL 22013_1369_002","2","1336","10164","11"
"337","CD38+CD24+","Transitional","CD19+CD20+","BCELL 22013_1369_002.fcs","UCLA","BCELL 22013_1369_002","2","260","10164","12"
"338","CD38+CD27+","Plasmablasts","CD19+CD20-","BCELL 22013_1369_002.fcs","UCLA","BCELL 22013_1369_002","2","45","80","13"
"339","","All cells","","BCELL 22013_1369_003.fcs","UCLA","BCELL 22013_1369_003","3","171350","","1"
"340","","Lymphocytes","All cells","BCELL 22013_1369_003.fcs","UCLA","BCELL 22013_1369_003","3","91084","171350","2"
"341","","Singlets","Lymphocytes","BCELL 22013_1369_003.fcs","UCLA","BCELL 22013_1369_003","3","88191","91084","3"
"342","","Live","Singlets","BCELL 22013_1369_003.fcs","UCLA","BCELL 22013_1369_003","3","83781","88191","4"
"343","CD3+","CD3+","Live","BCELL 22013_1369_003.fcs","UCLA","BCELL 22013_1369_003","3","61658","83781","5"
"344","CD19+","CD19+","Live","BCELL 22013_1369_003.fcs","UCLA","BCELL 22013_1369_003","3","8501","83781","6"
"345","CD20+","CD20+","Live","BCELL 22013_1369_003.fcs","UCLA","BCELL 22013_1369_003","3","8544","83781","7"
"346","IgD-CD27-","IgD-CD27-","CD19+CD20+","BCELL 22013_1369_003.fcs","UCLA","BCELL 22013_1369_003","3","1022","8416","8"
"347","IgD+CD27-","IgD+CD27-","CD19+CD20+","BCELL 22013_1369_003.fcs","UCLA","BCELL 22013_1369_003","3","5657","8416","9"
"348","IgD-CD27+","IgD-CD27+","CD19+CD20+","BCELL 22013_1369_003.fcs","UCLA","BCELL 22013_1369_003","3","914","8416","10"
"349","IgD+CD27+","IgD+CD27+","CD19+CD20+","BCELL 22013_1369_003.fcs","UCLA","BCELL 22013_1369_003","3","823","8416","11"
"350","CD38+CD24+","Transitional","CD19+CD20+","BCELL 22013_1369_003.fcs","UCLA","BCELL 22013_1369_003","3","243","8416","12"
"351","CD38+CD27+","Plasmablasts","CD19+CD20-","BCELL 22013_1369_003.fcs","UCLA","BCELL 22013_1369_003","3","37","85","13"
"352","","All cells","","12828_1_C1_C01.fcs","Yale","12828_1_C1_C01","1","129870","","1"
"353","","Lymphocytes","All cells","12828_1_C1_C01.fcs","Yale","12828_1_C1_C01","1","34944","129870","2"
"354","","Singlets","Lymphocytes","12828_1_C1_C01.fcs","Yale","12828_1_C1_C01","1","No FSC-H/W channel","34944","3"
"355","","Live","Singlets","12828_1_C1_C01.fcs","Yale","12828_1_C1_C01","1","34245","34944","4"
"356","CD3+","CD3+","Live","12828_1_C1_C01.fcs","Yale","12828_1_C1_C01","1","21814","34245","5"
"357","CD19+","CD19+","Live","12828_1_C1_C01.fcs","Yale","12828_1_C1_C01","1","7649","34245","6"
"358","CD20+","CD20+","Live","12828_1_C1_C01.fcs","Yale","12828_1_C1_C01","1","7746","34245","7"
"359","IgD-CD27-","IgD-CD27-","CD19+CD20+","12828_1_C1_C01.fcs","Yale","12828_1_C1_C01","1","1731","7607","8"
"360","IgD+CD27-","IgD+CD27-","CD19+CD20+","12828_1_C1_C01.fcs","Yale","12828_1_C1_C01","1","5247","7607","9"
"361","IgD-CD27+","IgD-CD27+","CD19+CD20+","12828_1_C1_C01.fcs","Yale","12828_1_C1_C01","1","433","7607","10"
"362","IgD+CD27+","IgD+CD27+","CD19+CD20+","12828_1_C1_C01.fcs","Yale","12828_1_C1_C01","1","196","7607","11"
"363","CD38+CD24+","Transitional","CD19+CD20+","12828_1_C1_C01.fcs","Yale","12828_1_C1_C01","1","1105","7607","12"
"364","CD38+CD27+","Plasmablasts","CD19+CD20-","12828_1_C1_C01.fcs","Yale","12828_1_C1_C01","1","27","42","13"
"365","","All cells","","12828_2_C2_C02.fcs","Yale","12828_2_C2_C02","2","128279","","1"
"366","","Lymphocytes","All cells","12828_2_C2_C02.fcs","Yale","12828_2_C2_C02","2","36157","128279","2"
"367","","Singlets","Lymphocytes","12828_2_C2_C02.fcs","Yale","12828_2_C2_C02","2","No FSC-H/W channel","36157","3"
"368","","Live","Singlets","12828_2_C2_C02.fcs","Yale","12828_2_C2_C02","2","35433","36157","4"
"369","CD3+","CD3+","Live","12828_2_C2_C02.fcs","Yale","12828_2_C2_C02","2","22092","35433","5"
"370","CD19+","CD19+","Live","12828_2_C2_C02.fcs","Yale","12828_2_C2_C02","2","8396","35433","6"
"371","CD20+","CD20+","Live","12828_2_C2_C02.fcs","Yale","12828_2_C2_C02","2","8521","35433","7"
"372","IgD-CD27-","IgD-CD27-","CD19+CD20+","12828_2_C2_C02.fcs","Yale","12828_2_C2_C02","2","2017","8346","8"
"373","IgD+CD27-","IgD+CD27-","CD19+CD20+","12828_2_C2_C02.fcs","Yale","12828_2_C2_C02","2","5752","8346","9"
"374","IgD-CD27+","IgD-CD27+","CD19+CD20+","12828_2_C2_C02.fcs","Yale","12828_2_C2_C02","2","435","8346","10"
"375","IgD+CD27+","IgD+CD27+","CD19+CD20+","12828_2_C2_C02.fcs","Yale","12828_2_C2_C02","2","142","8346","11"
"376","CD38+CD24+","Transitional","CD19+CD20+","12828_2_C2_C02.fcs","Yale","12828_2_C2_C02","2","1461","8346","12"
"377","CD38+CD27+","Plasmablasts","CD19+CD20-","12828_2_C2_C02.fcs","Yale","12828_2_C2_C02","2","31","50","13"
"378","","All cells","","12828_3_C3_C03.fcs","Yale","12828_3_C3_C03","3","131578","","1"
"379","","Lymphocytes","All cells","12828_3_C3_C03.fcs","Yale","12828_3_C3_C03","3","35585","131578","2"
"380","","Singlets","Lymphocytes","12828_3_C3_C03.fcs","Yale","12828_3_C3_C03","3","No FSC-H/W channel","35585","3"
"381","","Live","Singlets","12828_3_C3_C03.fcs","Yale","12828_3_C3_C03","3","34873","35585","4"
"382","CD3+","CD3+","Live","12828_3_C3_C03.fcs","Yale","12828_3_C3_C03","3","22200","34873","5"
"383","CD19+","CD19+","Live","12828_3_C3_C03.fcs","Yale","12828_3_C3_C03","3","7853","34873","6"
"384","CD20+","CD20+","Live","12828_3_C3_C03.fcs","Yale","12828_3_C3_C03","3","7960","34873","7"
"385","IgD-CD27-","IgD-CD27-","CD19+CD20+","12828_3_C3_C03.fcs","Yale","12828_3_C3_C03","3","1854","7799","8"
"386","IgD+CD27-","IgD+CD27-","CD19+CD20+","12828_3_C3_C03.fcs","Yale","12828_3_C3_C03","3","5297","7799","9"
"387","IgD-CD27+","IgD-CD27+","CD19+CD20+","12828_3_C3_C03.fcs","Yale","12828_3_C3_C03","3","464","7799","10"
"388","IgD+CD27+","IgD+CD27+","CD19+CD20+","12828_3_C3_C03.fcs","Yale","12828_3_C3_C03","3","184","7799","11"
"389","CD38+CD24+","Transitional","CD19+CD20+","12828_3_C3_C03.fcs","Yale","12828_3_C3_C03","3","912","7799","12"
"390","CD38+CD27+","Plasmablasts","CD19+CD20-","12828_3_C3_C03.fcs","Yale","12828_3_C3_C03","3","31","54","13"
"391","","All cells","","1349_1_C4_C04.fcs","Yale","1349_1_C4_C04","1","64379","","1"
"392","","Lymphocytes","All cells","1349_1_C4_C04.fcs","Yale","1349_1_C4_C04","1","24654","64379","2"
"393","","Singlets","Lymphocytes","1349_1_C4_C04.fcs","Yale","1349_1_C4_C04","1","No FSC-H/W channel","24654","3"
"394","","Live","Singlets","1349_1_C4_C04.fcs","Yale","1349_1_C4_C04","1","24160","24654","4"
"395","CD3+","CD3+","Live","1349_1_C4_C04.fcs","Yale","1349_1_C4_C04","1","17729","24160","5"
"396","CD19+","CD19+","Live","1349_1_C4_C04.fcs","Yale","1349_1_C4_C04","1","3928","24160","6"
"397","CD20+","CD20+","Live","1349_1_C4_C04.fcs","Yale","1349_1_C4_C04","1","4042","24160","7"
"398","IgD-CD27-","IgD-CD27-","CD19+CD20+","1349_1_C4_C04.fcs","Yale","1349_1_C4_C04","1","494","3900","8"
"399","IgD+CD27-","IgD+CD27-","CD19+CD20+","1349_1_C4_C04.fcs","Yale","1349_1_C4_C04","1","2654","3900","9"
"400","IgD-CD27+","IgD-CD27+","CD19+CD20+","1349_1_C4_C04.fcs","Yale","1349_1_C4_C04","1","393","3900","10"
"401","IgD+CD27+","IgD+CD27+","CD19+CD20+","1349_1_C4_C04.fcs","Yale","1349_1_C4_C04","1","359","3900","11"
"402","CD38+CD24+","Transitional","CD19+CD20+","1349_1_C4_C04.fcs","Yale","1349_1_C4_C04","1","293","3900","12"
"403","CD38+CD27+","Plasmablasts","CD19+CD20-","1349_1_C4_C04.fcs","Yale","1349_1_C4_C04","1","15","28","13"
"404","","All cells","","1349_2_C5_C05.fcs","Yale","1349_2_C5_C05","2","51362","","1"
"405","","Lymphocytes","All cells","1349_2_C5_C05.fcs","Yale","1349_2_C5_C05","2","19585","51362","2"
"406","","Singlets","Lymphocytes","1349_2_C5_C05.fcs","Yale","1349_2_C5_C05","2","No FSC-H/W channel","19585","3"
"407","","Live","Singlets","1349_2_C5_C05.fcs","Yale","1349_2_C5_C05","2","19193","19585","4"
"408","CD3+","CD3+","Live","1349_2_C5_C05.fcs","Yale","1349_2_C5_C05","2","13845","19193","5"
"409","CD19+","CD19+","Live","1349_2_C5_C05.fcs","Yale","1349_2_C5_C05","2","3334","19193","6"
"410","CD20+","CD20+","Live","1349_2_C5_C05.fcs","Yale","1349_2_C5_C05","2","3468","19193","7"
"411","IgD-CD27-","IgD-CD27-","CD19+CD20+","1349_2_C5_C05.fcs","Yale","1349_2_C5_C05","2","1525","3309","8"
"412","IgD+CD27-","IgD+CD27-","CD19+CD20+","1349_2_C5_C05.fcs","Yale","1349_2_C5_C05","2","1149","3309","9"
"413","IgD-CD27+","IgD-CD27+","CD19+CD20+","1349_2_C5_C05.fcs","Yale","1349_2_C5_C05","2","588","3309","10"
"414","IgD+CD27+","IgD+CD27+","CD19+CD20+","1349_2_C5_C05.fcs","Yale","1349_2_C5_C05","2","47","3309","11"
"415","CD38+CD24+","Transitional","CD19+CD20+","1349_2_C5_C05.fcs","Yale","1349_2_C5_C05","2","284","3309","12"
"416","CD38+CD27+","Plasmablasts","CD19+CD20-","1349_2_C5_C05.fcs","Yale","1349_2_C5_C05","2","8","25","13"
"417","","All cells","","1349_3_C6_C06.fcs","Yale","1349_3_C6_C06","3","56469","","1"
"418","","Lymphocytes","All cells","1349_3_C6_C06.fcs","Yale","1349_3_C6_C06","3","23503","56469","2"
"419","","Singlets","Lymphocytes","1349_3_C6_C06.fcs","Yale","1349_3_C6_C06","3","No FSC-H/W channel","23503","3"
"420","","Live","Singlets","1349_3_C6_C06.fcs","Yale","1349_3_C6_C06","3","23032","23503","4"
"421","CD3+","CD3+","Live","1349_3_C6_C06.fcs","Yale","1349_3_C6_C06","3","16867","23032","5"
"422","CD19+","CD19+","Live","1349_3_C6_C06.fcs","Yale","1349_3_C6_C06","3","3881","23032","6"
"423","CD20+","CD20+","Live","1349_3_C6_C06.fcs","Yale","1349_3_C6_C06","3","3983","23032","7"
"424","IgD-CD27-","IgD-CD27-","CD19+CD20+","1349_3_C6_C06.fcs","Yale","1349_3_C6_C06","3","1591","3860","8"
"425","IgD+CD27-","IgD+CD27-","CD19+CD20+","1349_3_C6_C06.fcs","Yale","1349_3_C6_C06","3","1496","3860","9"
"426","IgD-CD27+","IgD-CD27+","CD19+CD20+","1349_3_C6_C06.fcs","Yale","1349_3_C6_C06","3","711","3860","10"
"427","IgD+CD27+","IgD+CD27+","CD19+CD20+","1349_3_C6_C06.fcs","Yale","1349_3_C6_C06","3","62","3860","11"
"428","CD38+CD24+","Transitional","CD19+CD20+","1349_3_C6_C06.fcs","Yale","1349_3_C6_C06","3","341","3860","12"
"429","CD38+CD27+","Plasmablasts","CD19+CD20-","1349_3_C6_C06.fcs","Yale","1349_3_C6_C06","3","8","21","13"
"430","","All cells","","1369_1_C7_C07.fcs","Yale","1369_1_C7_C07","1","47276","","1"
"431","","Lymphocytes","All cells","1369_1_C7_C07.fcs","Yale","1369_1_C7_C07","1","20924","47276","2"
"432","","Singlets","Lymphocytes","1369_1_C7_C07.fcs","Yale","1369_1_C7_C07","1","No FSC-H/W channel","20924","3"
"433","","Live","Singlets","1369_1_C7_C07.fcs","Yale","1369_1_C7_C07","1","20505","20924","4"
"434","CD3+","CD3+","Live","1369_1_C7_C07.fcs","Yale","1369_1_C7_C07","1","15285","20505","5"
"435","CD19+","CD19+","Live","1369_1_C7_C07.fcs","Yale","1369_1_C7_C07","1","2566","20505","6"
"436","CD20+","CD20+","Live","1369_1_C7_C07.fcs","Yale","1369_1_C7_C07","1","2646","20505","7"
"437","IgD-CD27-","IgD-CD27-","CD19+CD20+","1369_1_C7_C07.fcs","Yale","1369_1_C7_C07","1","364","2542","8"
"438","IgD+CD27-","IgD+CD27-","CD19+CD20+","1369_1_C7_C07.fcs","Yale","1369_1_C7_C07","1","1742","2542","9"
"439","IgD-CD27+","IgD-CD27+","CD19+CD20+","1369_1_C7_C07.fcs","Yale","1369_1_C7_C07","1","205","2542","10"
"440","IgD+CD27+","IgD+CD27+","CD19+CD20+","1369_1_C7_C07.fcs","Yale","1369_1_C7_C07","1","231","2542","11"
"441","CD38+CD24+","Transitional","CD19+CD20+","1369_1_C7_C07.fcs","Yale","1369_1_C7_C07","1","159","2542","12"
"442","CD38+CD27+","Plasmablasts","CD19+CD20-","1369_1_C7_C07.fcs","Yale","1369_1_C7_C07","1","11","24","13"
"443","","All cells","","1369_2_C8_C08.fcs","Yale","1369_2_C8_C08","2","53390","","1"
"444","","Lymphocytes","All cells","1369_2_C8_C08.fcs","Yale","1369_2_C8_C08","2","24235","53390","2"
"445","","Singlets","Lymphocytes","1369_2_C8_C08.fcs","Yale","1369_2_C8_C08","2","No FSC-H/W channel","24235","3"
"446","","Live","Singlets","1369_2_C8_C08.fcs","Yale","1369_2_C8_C08","2","23750","24235","4"
"447","CD3+","CD3+","Live","1369_2_C8_C08.fcs","Yale","1369_2_C8_C08","2","17824","23750","5"
"448","CD19+","CD19+","Live","1369_2_C8_C08.fcs","Yale","1369_2_C8_C08","2","2967","23750","6"
"449","CD20+","CD20+","Live","1369_2_C8_C08.fcs","Yale","1369_2_C8_C08","2","3069","23750","7"
"450","IgD-CD27-","IgD-CD27-","CD19+CD20+","1369_2_C8_C08.fcs","Yale","1369_2_C8_C08","2","1056","2944","8"
"451","IgD+CD27-","IgD+CD27-","CD19+CD20+","1369_2_C8_C08.fcs","Yale","1369_2_C8_C08","2","1539","2944","9"
"452","IgD-CD27+","IgD-CD27+","CD19+CD20+","1369_2_C8_C08.fcs","Yale","1369_2_C8_C08","2","249","2944","10"
"453","IgD+CD27+","IgD+CD27+","CD19+CD20+","1369_2_C8_C08.fcs","Yale","1369_2_C8_C08","2","100","2944","11"
"454","CD38+CD24+","Transitional","CD19+CD20+","1369_2_C8_C08.fcs","Yale","1369_2_C8_C08","2","192","2944","12"
"455","CD38+CD27+","Plasmablasts","CD19+CD20-","1369_2_C8_C08.fcs","Yale","1369_2_C8_C08","2","13","23","13"
"456","","All cells","","1369_3_C9_C09.fcs","Yale","1369_3_C9_C09","3","38899","","1"
"457","","Lymphocytes","All cells","1369_3_C9_C09.fcs","Yale","1369_3_C9_C09","3","15984","38899","2"
"458","","Singlets","Lymphocytes","1369_3_C9_C09.fcs","Yale","1369_3_C9_C09","3","No FSC-H/W channel","15984","3"
"459","","Live","Singlets","1369_3_C9_C09.fcs","Yale","1369_3_C9_C09","3","15664","15984","4"
"460","CD3+","CD3+","Live","1369_3_C9_C09.fcs","Yale","1369_3_C9_C09","3","11264","15664","5"
"461","CD19+","CD19+","Live","1369_3_C9_C09.fcs","Yale","1369_3_C9_C09","3","2200","15664","6"
"462","CD20+","CD20+","Live","1369_3_C9_C09.fcs","Yale","1369_3_C9_C09","3","2271","15664","7"
"463","IgD-CD27-","IgD-CD27-","CD19+CD20+","1369_3_C9_C09.fcs","Yale","1369_3_C9_C09","3","885","2181","8"
"464","IgD+CD27-","IgD+CD27-","CD19+CD20+","1369_3_C9_C09.fcs","Yale","1369_3_C9_C09","3","909","2181","9"
"465","IgD-CD27+","IgD-CD27+","CD19+CD20+","1369_3_C9_C09.fcs","Yale","1369_3_C9_C09","3","316","2181","10"
"466","IgD+CD27+","IgD+CD27+","CD19+CD20+","1369_3_C9_C09.fcs","Yale","1369_3_C9_C09","3","71","2181","11"
"467","CD38+CD24+","Transitional","CD19+CD20+","1369_3_C9_C09.fcs","Yale","1369_3_C9_C09","3","83","2181","12"
"468","CD38+CD27+","Plasmablasts","CD19+CD20-","1369_3_C9_C09.fcs","Yale","1369_3_C9_C09","3","13","19","13"
"469","","All cells","","12828_1_Bcell_C01.fcs","NHLBI","12828_1_Bcell_C01","1","81638","","1"
"470","","Lymphocytes","All cells","12828_1_Bcell_C01.fcs","NHLBI","12828_1_Bcell_C01","1","48492","81638","2"
"471","","Singlets","Lymphocytes","12828_1_Bcell_C01.fcs","NHLBI","12828_1_Bcell_C01","1","46565","48492","3"
"472","","Live","Singlets","12828_1_Bcell_C01.fcs","NHLBI","12828_1_Bcell_C01","1","45633","46565","4"
"473","CD3+","CD3+","Live","12828_1_Bcell_C01.fcs","NHLBI","12828_1_Bcell_C01","1","29653","45633","5"
"474","CD19+","CD19+","Live","12828_1_Bcell_C01.fcs","NHLBI","12828_1_Bcell_C01","1","10453","45633","6"
"475","CD20+","CD20+","Live","12828_1_Bcell_C01.fcs","NHLBI","12828_1_Bcell_C01","1","10457","45633","7"
"476","IgD-CD27-","IgD-CD27-","CD19+CD20+","12828_1_Bcell_C01.fcs","NHLBI","12828_1_Bcell_C01","1","890","10426","8"
"477","IgD+CD27-","IgD+CD27-","CD19+CD20+","12828_1_Bcell_C01.fcs","NHLBI","12828_1_Bcell_C01","1","8634","10426","9"
"478","IgD-CD27+","IgD-CD27+","CD19+CD20+","12828_1_Bcell_C01.fcs","NHLBI","12828_1_Bcell_C01","1","499","10426","10"
"479","IgD+CD27+","IgD+CD27+","CD19+CD20+","12828_1_Bcell_C01.fcs","NHLBI","12828_1_Bcell_C01","1","403","10426","11"
"480","CD38+CD24+","Transitional","CD19+CD20+","12828_1_Bcell_C01.fcs","NHLBI","12828_1_Bcell_C01","1","1185","10426","12"
"481","CD38+CD27+","Plasmablasts","CD19+CD20-","12828_1_Bcell_C01.fcs","NHLBI","12828_1_Bcell_C01","1","10","27","13"
"482","","All cells","","12828_2_Bcell_C02.fcs","NHLBI","12828_2_Bcell_C02","2","148214","","1"
"483","","Lymphocytes","All cells","12828_2_Bcell_C02.fcs","NHLBI","12828_2_Bcell_C02","2","88037","148214","2"
"484","","Singlets","Lymphocytes","12828_2_Bcell_C02.fcs","NHLBI","12828_2_Bcell_C02","2","84660","88037","3"
"485","","Live","Singlets","12828_2_Bcell_C02.fcs","NHLBI","12828_2_Bcell_C02","2","82966","84660","4"
"486","CD3+","CD3+","Live","12828_2_Bcell_C02.fcs","NHLBI","12828_2_Bcell_C02","2","54168","82966","5"
"487","CD19+","CD19+","Live","12828_2_Bcell_C02.fcs","NHLBI","12828_2_Bcell_C02","2","19531","82966","6"
"488","CD20+","CD20+","Live","12828_2_Bcell_C02.fcs","NHLBI","12828_2_Bcell_C02","2","19544","82966","7"
"489","IgD-CD27-","IgD-CD27-","CD19+CD20+","12828_2_Bcell_C02.fcs","NHLBI","12828_2_Bcell_C02","2","1708","19494","8"
"490","IgD+CD27-","IgD+CD27-","CD19+CD20+","12828_2_Bcell_C02.fcs","NHLBI","12828_2_Bcell_C02","2","16254","19494","9"
"491","IgD-CD27+","IgD-CD27+","CD19+CD20+","12828_2_Bcell_C02.fcs","NHLBI","12828_2_Bcell_C02","2","938","19494","10"
"492","IgD+CD27+","IgD+CD27+","CD19+CD20+","12828_2_Bcell_C02.fcs","NHLBI","12828_2_Bcell_C02","2","595","19494","11"
"493","CD38+CD24+","Transitional","CD19+CD20+","12828_2_Bcell_C02.fcs","NHLBI","12828_2_Bcell_C02","2","1892","19494","12"
"494","CD38+CD27+","Plasmablasts","CD19+CD20-","12828_2_Bcell_C02.fcs","NHLBI","12828_2_Bcell_C02","2","17","37","13"
"495","","All cells","","12828_3_Bcell_C03.fcs","NHLBI","12828_3_Bcell_C03","3","149181","","1"
"496","","Lymphocytes","All cells","12828_3_Bcell_C03.fcs","NHLBI","12828_3_Bcell_C03","3","88391","149181","2"
"497","","Singlets","Lymphocytes","12828_3_Bcell_C03.fcs","NHLBI","12828_3_Bcell_C03","3","85038","88391","3"
"498","","Live","Singlets","12828_3_Bcell_C03.fcs","NHLBI","12828_3_Bcell_C03","3","83337","85038","4"
"499","CD3+","CD3+","Live","12828_3_Bcell_C03.fcs","NHLBI","12828_3_Bcell_C03","3","53897","83337","5"
"500","CD19+","CD19+","Live","12828_3_Bcell_C03.fcs","NHLBI","12828_3_Bcell_C03","3","19621","83337","6"
"501","CD20+","CD20+","Live","12828_3_Bcell_C03.fcs","NHLBI","12828_3_Bcell_C03","3","19629","83337","7"
"502","IgD-CD27-","IgD-CD27-","CD19+CD20+","12828_3_Bcell_C03.fcs","NHLBI","12828_3_Bcell_C03","3","1759","19587","8"
"503","IgD+CD27-","IgD+CD27-","CD19+CD20+","12828_3_Bcell_C03.fcs","NHLBI","12828_3_Bcell_C03","3","15815","19587","9"
"504","IgD-CD27+","IgD-CD27+","CD19+CD20+","12828_3_Bcell_C03.fcs","NHLBI","12828_3_Bcell_C03","3","1050","19587","10"
"505","IgD+CD27+","IgD+CD27+","CD19+CD20+","12828_3_Bcell_C03.fcs","NHLBI","12828_3_Bcell_C03","3","966","19587","11"
"506","CD38+CD24+","Transitional","CD19+CD20+","12828_3_Bcell_C03.fcs","NHLBI","12828_3_Bcell_C03","3","2106","19587","12"
"507","CD38+CD27+","Plasmablasts","CD19+CD20-","12828_3_Bcell_C03.fcs","NHLBI","12828_3_Bcell_C03","3","9","34","13"
"508","","All cells","","1349_1_Bcell_C04.fcs","NHLBI","1349_1_Bcell_C04","1","129889","","1"
"509","","Lymphocytes","All cells","1349_1_Bcell_C04.fcs","NHLBI","1349_1_Bcell_C04","1","74758","129889","2"
"510","","Singlets","Lymphocytes","1349_1_Bcell_C04.fcs","NHLBI","1349_1_Bcell_C04","1","72480","74758","3"
"511","","Live","Singlets","1349_1_Bcell_C04.fcs","NHLBI","1349_1_Bcell_C04","1","71030","72480","4"
"512","CD3+","CD3+","Live","1349_1_Bcell_C04.fcs","NHLBI","1349_1_Bcell_C04","1","51403","71030","5"
"513","CD19+","CD19+","Live","1349_1_Bcell_C04.fcs","NHLBI","1349_1_Bcell_C04","1","10160","71030","6"
"514","CD20+","CD20+","Live","1349_1_Bcell_C04.fcs","NHLBI","1349_1_Bcell_C04","1","10195","71030","7"
"515","IgD-CD27-","IgD-CD27-","CD19+CD20+","1349_1_Bcell_C04.fcs","NHLBI","1349_1_Bcell_C04","1","433","10123","8"
"516","IgD+CD27-","IgD+CD27-","CD19+CD20+","1349_1_Bcell_C04.fcs","NHLBI","1349_1_Bcell_C04","1","7360","10123","9"
"517","IgD-CD27+","IgD-CD27+","CD19+CD20+","1349_1_Bcell_C04.fcs","NHLBI","1349_1_Bcell_C04","1","1588","10123","10"
"518","IgD+CD27+","IgD+CD27+","CD19+CD20+","1349_1_Bcell_C04.fcs","NHLBI","1349_1_Bcell_C04","1","742","10123","11"
"519","CD38+CD24+","Transitional","CD19+CD20+","1349_1_Bcell_C04.fcs","NHLBI","1349_1_Bcell_C04","1","788","10123","12"
"520","CD38+CD27+","Plasmablasts","CD19+CD20-","1349_1_Bcell_C04.fcs","NHLBI","1349_1_Bcell_C04","1","5","37","13"
"521","","All cells","","1349_2_Bcell_C05.fcs","NHLBI","1349_2_Bcell_C05","2","131882","","1"
"522","","Lymphocytes","All cells","1349_2_Bcell_C05.fcs","NHLBI","1349_2_Bcell_C05","2","76521","131882","2"
"523","","Singlets","Lymphocytes","1349_2_Bcell_C05.fcs","NHLBI","1349_2_Bcell_C05","2","74188","76521","3"
"524","","Live","Singlets","1349_2_Bcell_C05.fcs","NHLBI","1349_2_Bcell_C05","2","72704","74188","4"
"525","CD3+","CD3+","Live","1349_2_Bcell_C05.fcs","NHLBI","1349_2_Bcell_C05","2","52702","72704","5"
"526","CD19+","CD19+","Live","1349_2_Bcell_C05.fcs","NHLBI","1349_2_Bcell_C05","2","10362","72704","6"
"527","CD20+","CD20+","Live","1349_2_Bcell_C05.fcs","NHLBI","1349_2_Bcell_C05","2","10366","72704","7"
"528","IgD-CD27-","IgD-CD27-","CD19+CD20+","1349_2_Bcell_C05.fcs","NHLBI","1349_2_Bcell_C05","2","394","10315","8"
"529","IgD+CD27-","IgD+CD27-","CD19+CD20+","1349_2_Bcell_C05.fcs","NHLBI","1349_2_Bcell_C05","2","7629","10315","9"
"530","IgD-CD27+","IgD-CD27+","CD19+CD20+","1349_2_Bcell_C05.fcs","NHLBI","1349_2_Bcell_C05","2","1517","10315","10"
"531","IgD+CD27+","IgD+CD27+","CD19+CD20+","1349_2_Bcell_C05.fcs","NHLBI","1349_2_Bcell_C05","2","775","10315","11"
"532","CD38+CD24+","Transitional","CD19+CD20+","1349_2_Bcell_C05.fcs","NHLBI","1349_2_Bcell_C05","2","797","10315","12"
"533","CD38+CD27+","Plasmablasts","CD19+CD20-","1349_2_Bcell_C05.fcs","NHLBI","1349_2_Bcell_C05","2","9","47","13"
"534","","All cells","","1349_3_Bcell_C06.fcs","NHLBI","1349_3_Bcell_C06","3","124942","","1"
"535","","Lymphocytes","All cells","1349_3_Bcell_C06.fcs","NHLBI","1349_3_Bcell_C06","3","71676","124942","2"
"536","","Singlets","Lymphocytes","1349_3_Bcell_C06.fcs","NHLBI","1349_3_Bcell_C06","3","69521","71676","3"
"537","","Live","Singlets","1349_3_Bcell_C06.fcs","NHLBI","1349_3_Bcell_C06","3","68130","69521","4"
"538","CD3+","CD3+","Live","1349_3_Bcell_C06.fcs","NHLBI","1349_3_Bcell_C06","3","48771","68130","5"
"539","CD19+","CD19+","Live","1349_3_Bcell_C06.fcs","NHLBI","1349_3_Bcell_C06","3","9908","68130","6"
"540","CD20+","CD20+","Live","1349_3_Bcell_C06.fcs","NHLBI","1349_3_Bcell_C06","3","9930","68130","7"
"541","IgD-CD27-","IgD-CD27-","CD19+CD20+","1349_3_Bcell_C06.fcs","NHLBI","1349_3_Bcell_C06","3","367","9877","8"
"542","IgD+CD27-","IgD+CD27-","CD19+CD20+","1349_3_Bcell_C06.fcs","NHLBI","1349_3_Bcell_C06","3","7287","9877","9"
"543","IgD-CD27+","IgD-CD27+","CD19+CD20+","1349_3_Bcell_C06.fcs","NHLBI","1349_3_Bcell_C06","3","1423","9877","10"
"544","IgD+CD27+","IgD+CD27+","CD19+CD20+","1349_3_Bcell_C06.fcs","NHLBI","1349_3_Bcell_C06","3","800","9877","11"
"545","CD38+CD24+","Transitional","CD19+CD20+","1349_3_Bcell_C06.fcs","NHLBI","1349_3_Bcell_C06","3","756","9877","12"
"546","CD38+CD27+","Plasmablasts","CD19+CD20-","1349_3_Bcell_C06.fcs","NHLBI","1349_3_Bcell_C06","3","6","31","13"
"547","","All cells","","1369_1_Bcell_C07.fcs","NHLBI","1369_1_Bcell_C07","1","136128","","1"
"548","","Lymphocytes","All cells","1369_1_Bcell_C07.fcs","NHLBI","1369_1_Bcell_C07","1","88116","136128","2"
"549","","Singlets","Lymphocytes","1369_1_Bcell_C07.fcs","NHLBI","1369_1_Bcell_C07","1","85064","88116","3"
"550","","Live","Singlets","1369_1_Bcell_C07.fcs","NHLBI","1369_1_Bcell_C07","1","83362","85064","4"
"551","CD3+","CD3+","Live","1369_1_Bcell_C07.fcs","NHLBI","1369_1_Bcell_C07","1","62784","83362","5"
"552","CD19+","CD19+","Live","1369_1_Bcell_C07.fcs","NHLBI","1369_1_Bcell_C07","1","11469","83362","6"
"553","CD20+","CD20+","Live","1369_1_Bcell_C07.fcs","NHLBI","1369_1_Bcell_C07","1","11495","83362","7"
"554","IgD-CD27-","IgD-CD27-","CD19+CD20+","1369_1_Bcell_C07.fcs","NHLBI","1369_1_Bcell_C07","1","940","11455","8"
"555","IgD+CD27-","IgD+CD27-","CD19+CD20+","1369_1_Bcell_C07.fcs","NHLBI","1369_1_Bcell_C07","1","8228","11455","9"
"556","IgD-CD27+","IgD-CD27+","CD19+CD20+","1369_1_Bcell_C07.fcs","NHLBI","1369_1_Bcell_C07","1","1234","11455","10"
"557","IgD+CD27+","IgD+CD27+","CD19+CD20+","1369_1_Bcell_C07.fcs","NHLBI","1369_1_Bcell_C07","1","1052","11455","11"
"558","CD38+CD24+","Transitional","CD19+CD20+","1369_1_Bcell_C07.fcs","NHLBI","1369_1_Bcell_C07","1","292","11455","12"
"559","CD38+CD27+","Plasmablasts","CD19+CD20-","1369_1_Bcell_C07.fcs","NHLBI","1369_1_Bcell_C07","1","5","14","13"
"560","","All cells","","1369_2_Bcell_C08.fcs","NHLBI","1369_2_Bcell_C08","2","134450","","1"
"561","","Lymphocytes","All cells","1369_2_Bcell_C08.fcs","NHLBI","1369_2_Bcell_C08","2","85333","134450","2"
"562","","Singlets","Lymphocytes","1369_2_Bcell_C08.fcs","NHLBI","1369_2_Bcell_C08","2","82410","85333","3"
"563","","Live","Singlets","1369_2_Bcell_C08.fcs","NHLBI","1369_2_Bcell_C08","2","80761","82410","4"
"564","CD3+","CD3+","Live","1369_2_Bcell_C08.fcs","NHLBI","1369_2_Bcell_C08","2","60685","80761","5"
"565","CD19+","CD19+","Live","1369_2_Bcell_C08.fcs","NHLBI","1369_2_Bcell_C08","2","11139","80761","6"
"566","CD20+","CD20+","Live","1369_2_Bcell_C08.fcs","NHLBI","1369_2_Bcell_C08","2","11158","80761","7"
"567","IgD-CD27-","IgD-CD27-","CD19+CD20+","1369_2_Bcell_C08.fcs","NHLBI","1369_2_Bcell_C08","2","857","11127","8"
"568","IgD+CD27-","IgD+CD27-","CD19+CD20+","1369_2_Bcell_C08.fcs","NHLBI","1369_2_Bcell_C08","2","7941","11127","9"
"569","IgD-CD27+","IgD-CD27+","CD19+CD20+","1369_2_Bcell_C08.fcs","NHLBI","1369_2_Bcell_C08","2","1155","11127","10"
"570","IgD+CD27+","IgD+CD27+","CD19+CD20+","1369_2_Bcell_C08.fcs","NHLBI","1369_2_Bcell_C08","2","1174","11127","11"
"571","CD38+CD24+","Transitional","CD19+CD20+","1369_2_Bcell_C08.fcs","NHLBI","1369_2_Bcell_C08","2","653","11127","12"
"572","CD38+CD27+","Plasmablasts","CD19+CD20-","1369_2_Bcell_C08.fcs","NHLBI","1369_2_Bcell_C08","2","2","12","13"
"573","","All cells","","1369_3_Bcell_C09.fcs","NHLBI","1369_3_Bcell_C09","3","127602","","1"
"574","","Lymphocytes","All cells","1369_3_Bcell_C09.fcs","NHLBI","1369_3_Bcell_C09","3","81067","127602","2"
"575","","Singlets","Lymphocytes","1369_3_Bcell_C09.fcs","NHLBI","1369_3_Bcell_C09","3","78274","81067","3"
"576","","Live","Singlets","1369_3_Bcell_C09.fcs","NHLBI","1369_3_Bcell_C09","3","76708","78274","4"
"577","CD3+","CD3+","Live","1369_3_Bcell_C09.fcs","NHLBI","1369_3_Bcell_C09","3","57712","76708","5"
"578","CD19+","CD19+","Live","1369_3_Bcell_C09.fcs","NHLBI","1369_3_Bcell_C09","3","10519","76708","6"
"579","CD20+","CD20+","Live","1369_3_Bcell_C09.fcs","NHLBI","1369_3_Bcell_C09","3","10522","76708","7"
"580","IgD-CD27-","IgD-CD27-","CD19+CD20+","1369_3_Bcell_C09.fcs","NHLBI","1369_3_Bcell_C09","3","722","10494","8"
"581","IgD+CD27-","IgD+CD27-","CD19+CD20+","1369_3_Bcell_C09.fcs","NHLBI","1369_3_Bcell_C09","3","7466","10494","9"
"582","IgD-CD27+","IgD-CD27+","CD19+CD20+","1369_3_Bcell_C09.fcs","NHLBI","1369_3_Bcell_C09","3","1089","10494","10"
"583","IgD+CD27+","IgD+CD27+","CD19+CD20+","1369_3_Bcell_C09.fcs","NHLBI","1369_3_Bcell_C09","3","1216","10494","11"
"584","CD38+CD24+","Transitional","CD19+CD20+","1369_3_Bcell_C09.fcs","NHLBI","1369_3_Bcell_C09","3","463","10494","12"
"585","CD38+CD27+","Plasmablasts","CD19+CD20-","1369_3_Bcell_C09.fcs","NHLBI","1369_3_Bcell_C09","3","6","25","13"
"586","","All cells","","1228-1_C1_C01.fcs","Stanford","1228-1_C1_C01","1","68048","","1"
"587","","Lymphocytes","All cells","1228-1_C1_C01.fcs","Stanford","1228-1_C1_C01","1","25019","68048","2"
"588","","Singlets","Lymphocytes","1228-1_C1_C01.fcs","Stanford","1228-1_C1_C01","1","24031","25019","3"
"589","","Live","Singlets","1228-1_C1_C01.fcs","Stanford","1228-1_C1_C01","1","23310","24031","4"
"590","CD3+","CD3+","Live","1228-1_C1_C01.fcs","Stanford","1228-1_C1_C01","1","12553","23310","5"
"591","CD19+","CD19+","Live","1228-1_C1_C01.fcs","Stanford","1228-1_C1_C01","1","7062","23310","6"
"592","CD20+","CD20+","Live","1228-1_C1_C01.fcs","Stanford","1228-1_C1_C01","1","7075","23310","7"
"593","IgD-CD27-","IgD-CD27-","CD19+CD20+","1228-1_C1_C01.fcs","Stanford","1228-1_C1_C01","1","731","7022","8"
"594","IgD+CD27-","IgD+CD27-","CD19+CD20+","1228-1_C1_C01.fcs","Stanford","1228-1_C1_C01","1","5780","7022","9"
"595","IgD-CD27+","IgD-CD27+","CD19+CD20+","1228-1_C1_C01.fcs","Stanford","1228-1_C1_C01","1","363","7022","10"
"596","IgD+CD27+","IgD+CD27+","CD19+CD20+","1228-1_C1_C01.fcs","Stanford","1228-1_C1_C01","1","148","7022","11"
"597","CD38+CD24+","Transitional","CD19+CD20+","1228-1_C1_C01.fcs","Stanford","1228-1_C1_C01","1","725","7022","12"
"598","CD38+CD27+","Plasmablasts","CD19+CD20-","1228-1_C1_C01.fcs","Stanford","1228-1_C1_C01","1","28","40","13"
"599","","All cells","","1228-2_C2_C02.fcs","Stanford","1228-2_C2_C02","2","67114","","1"
"600","","Lymphocytes","All cells","1228-2_C2_C02.fcs","Stanford","1228-2_C2_C02","2","24506","67114","2"
"601","","Singlets","Lymphocytes","1228-2_C2_C02.fcs","Stanford","1228-2_C2_C02","2","23469","24506","3"
"602","","Live","Singlets","1228-2_C2_C02.fcs","Stanford","1228-2_C2_C02","2","22764","23469","4"
"603","CD3+","CD3+","Live","1228-2_C2_C02.fcs","Stanford","1228-2_C2_C02","2","12455","22764","5"
"604","CD19+","CD19+","Live","1228-2_C2_C02.fcs","Stanford","1228-2_C2_C02","2","6347","22764","6"
"605","CD20+","CD20+","Live","1228-2_C2_C02.fcs","Stanford","1228-2_C2_C02","2","6379","22764","7"
"606","IgD-CD27-","IgD-CD27-","CD19+CD20+","1228-2_C2_C02.fcs","Stanford","1228-2_C2_C02","2","826","6313","8"
"607","IgD+CD27-","IgD+CD27-","CD19+CD20+","1228-2_C2_C02.fcs","Stanford","1228-2_C2_C02","2","5136","6313","9"
"608","IgD-CD27+","IgD-CD27+","CD19+CD20+","1228-2_C2_C02.fcs","Stanford","1228-2_C2_C02","2","258","6313","10"
"609","IgD+CD27+","IgD+CD27+","CD19+CD20+","1228-2_C2_C02.fcs","Stanford","1228-2_C2_C02","2","93","6313","11"
"610","CD38+CD24+","Transitional","CD19+CD20+","1228-2_C2_C02.fcs","Stanford","1228-2_C2_C02","2","760","6313","12"
"611","CD38+CD27+","Plasmablasts","CD19+CD20-","1228-2_C2_C02.fcs","Stanford","1228-2_C2_C02","2","22","34","13"
"612","","All cells","","1228-3_C3_C03.fcs","Stanford","1228-3_C3_C03","3","62524","","1"
"613","","Lymphocytes","All cells","1228-3_C3_C03.fcs","Stanford","1228-3_C3_C03","3","23191","62524","2"
"614","","Singlets","Lymphocytes","1228-3_C3_C03.fcs","Stanford","1228-3_C3_C03","3","22206","23191","3"
"615","","Live","Singlets","1228-3_C3_C03.fcs","Stanford","1228-3_C3_C03","3","21539","22206","4"
"616","CD3+","CD3+","Live","1228-3_C3_C03.fcs","Stanford","1228-3_C3_C03","3","11743","21539","5"
"617","CD19+","CD19+","Live","1228-3_C3_C03.fcs","Stanford","1228-3_C3_C03","3","6040","21539","6"
"618","CD20+","CD20+","Live","1228-3_C3_C03.fcs","Stanford","1228-3_C3_C03","3","6067","21539","7"
"619","IgD-CD27-","IgD-CD27-","CD19+CD20+","1228-3_C3_C03.fcs","Stanford","1228-3_C3_C03","3","734","6006","8"
"620","IgD+CD27-","IgD+CD27-","CD19+CD20+","1228-3_C3_C03.fcs","Stanford","1228-3_C3_C03","3","4883","6006","9"
"621","IgD-CD27+","IgD-CD27+","CD19+CD20+","1228-3_C3_C03.fcs","Stanford","1228-3_C3_C03","3","257","6006","10"
"622","IgD+CD27+","IgD+CD27+","CD19+CD20+","1228-3_C3_C03.fcs","Stanford","1228-3_C3_C03","3","132","6006","11"
"623","CD38+CD24+","Transitional","CD19+CD20+","1228-3_C3_C03.fcs","Stanford","1228-3_C3_C03","3","465","6006","12"
"624","CD38+CD27+","Plasmablasts","CD19+CD20-","1228-3_C3_C03.fcs","Stanford","1228-3_C3_C03","3","22","34","13"
"625","","All cells","","1349-1_C4_C04.fcs","Stanford","1349-1_C4_C04","1","58041","","1"
"626","","Lymphocytes","All cells","1349-1_C4_C04.fcs","Stanford","1349-1_C4_C04","1","20606","58041","2"
"627","","Singlets","Lymphocytes","1349-1_C4_C04.fcs","Stanford","1349-1_C4_C04","1","19746","20606","3"
"628","","Live","Singlets","1349-1_C4_C04.fcs","Stanford","1349-1_C4_C04","1","19153","19746","4"
"629","CD3+","CD3+","Live","1349-1_C4_C04.fcs","Stanford","1349-1_C4_C04","1","13596","19153","5"
"630","CD19+","CD19+","Live","1349-1_C4_C04.fcs","Stanford","1349-1_C4_C04","1","3039","19153","6"
"631","CD20+","CD20+","Live","1349-1_C4_C04.fcs","Stanford","1349-1_C4_C04","1","3055","19153","7"
"632","IgD-CD27-","IgD-CD27-","CD19+CD20+","1349-1_C4_C04.fcs","Stanford","1349-1_C4_C04","1","453","3002","8"
"633","IgD+CD27-","IgD+CD27-","CD19+CD20+","1349-1_C4_C04.fcs","Stanford","1349-1_C4_C04","1","2006","3002","9"
"634","IgD-CD27+","IgD-CD27+","CD19+CD20+","1349-1_C4_C04.fcs","Stanford","1349-1_C4_C04","1","437","3002","10"
"635","IgD+CD27+","IgD+CD27+","CD19+CD20+","1349-1_C4_C04.fcs","Stanford","1349-1_C4_C04","1","106","3002","11"
"636","CD38+CD24+","Transitional","CD19+CD20+","1349-1_C4_C04.fcs","Stanford","1349-1_C4_C04","1","432","3002","12"
"637","CD38+CD27+","Plasmablasts","CD19+CD20-","1349-1_C4_C04.fcs","Stanford","1349-1_C4_C04","1","14","37","13"
"638","","All cells","","1349-2_C5_C05.fcs","Stanford","1349-2_C5_C05","2","58048","","1"
"639","","Lymphocytes","All cells","1349-2_C5_C05.fcs","Stanford","1349-2_C5_C05","2","18799","58048","2"
"640","","Singlets","Lymphocytes","1349-2_C5_C05.fcs","Stanford","1349-2_C5_C05","2","18042","18799","3"
"641","","Live","Singlets","1349-2_C5_C05.fcs","Stanford","1349-2_C5_C05","2","17500","18042","4"
"642","CD3+","CD3+","Live","1349-2_C5_C05.fcs","Stanford","1349-2_C5_C05","2","12779","17500","5"
"643","CD19+","CD19+","Live","1349-2_C5_C05.fcs","Stanford","1349-2_C5_C05","2","2688","17500","6"
"644","CD20+","CD20+","Live","1349-2_C5_C05.fcs","Stanford","1349-2_C5_C05","2","2702","17500","7"
"645","IgD-CD27-","IgD-CD27-","CD19+CD20+","1349-2_C5_C05.fcs","Stanford","1349-2_C5_C05","2","207","2652","8"
"646","IgD+CD27-","IgD+CD27-","CD19+CD20+","1349-2_C5_C05.fcs","Stanford","1349-2_C5_C05","2","1892","2652","9"
"647","IgD-CD27+","IgD-CD27+","CD19+CD20+","1349-2_C5_C05.fcs","Stanford","1349-2_C5_C05","2","319","2652","10"
"648","IgD+CD27+","IgD+CD27+","CD19+CD20+","1349-2_C5_C05.fcs","Stanford","1349-2_C5_C05","2","234","2652","11"
"649","CD38+CD24+","Transitional","CD19+CD20+","1349-2_C5_C05.fcs","Stanford","1349-2_C5_C05","2","259","2652","12"
"650","CD38+CD27+","Plasmablasts","CD19+CD20-","1349-2_C5_C05.fcs","Stanford","1349-2_C5_C05","2","12","36","13"
"651","","All cells","","1349-3_C6_C06.fcs","Stanford","1349-3_C6_C06","3","62281","","1"
"652","","Lymphocytes","All cells","1349-3_C6_C06.fcs","Stanford","1349-3_C6_C06","3","19658","62281","2"
"653","","Singlets","Lymphocytes","1349-3_C6_C06.fcs","Stanford","1349-3_C6_C06","3","18831","19658","3"
"654","","Live","Singlets","1349-3_C6_C06.fcs","Stanford","1349-3_C6_C06","3","18266","18831","4"
"655","CD3+","CD3+","Live","1349-3_C6_C06.fcs","Stanford","1349-3_C6_C06","3","13569","18266","5"
"656","CD19+","CD19+","Live","1349-3_C6_C06.fcs","Stanford","1349-3_C6_C06","3","2750","18266","6"
"657","CD20+","CD20+","Live","1349-3_C6_C06.fcs","Stanford","1349-3_C6_C06","3","2787","18266","7"
"658","IgD-CD27-","IgD-CD27-","CD19+CD20+","1349-3_C6_C06.fcs","Stanford","1349-3_C6_C06","3","398","2734","8"
"659","IgD+CD27-","IgD+CD27-","CD19+CD20+","1349-3_C6_C06.fcs","Stanford","1349-3_C6_C06","3","1861","2734","9"
"660","IgD-CD27+","IgD-CD27+","CD19+CD20+","1349-3_C6_C06.fcs","Stanford","1349-3_C6_C06","3","372","2734","10"
"661","IgD+CD27+","IgD+CD27+","CD19+CD20+","1349-3_C6_C06.fcs","Stanford","1349-3_C6_C06","3","103","2734","11"
"662","CD38+CD24+","Transitional","CD19+CD20+","1349-3_C6_C06.fcs","Stanford","1349-3_C6_C06","3","115","2734","12"
"663","CD38+CD27+","Plasmablasts","CD19+CD20-","1349-3_C6_C06.fcs","Stanford","1349-3_C6_C06","3","9","16","13"
"664","","All cells","","1369-1_C7_C07.fcs","Stanford","1369-1_C7_C07","1","40906","","1"
"665","","Lymphocytes","All cells","1369-1_C7_C07.fcs","Stanford","1369-1_C7_C07","1","21784","40906","2"
"666","","Singlets","Lymphocytes","1369-1_C7_C07.fcs","Stanford","1369-1_C7_C07","1","20995","21784","3"
"667","","Live","Singlets","1369-1_C7_C07.fcs","Stanford","1369-1_C7_C07","1","20365","20995","4"
"668","CD3+","CD3+","Live","1369-1_C7_C07.fcs","Stanford","1369-1_C7_C07","1","15574","20365","5"
"669","CD19+","CD19+","Live","1369-1_C7_C07.fcs","Stanford","1369-1_C7_C07","1","2463","20365","6"
"670","CD20+","CD20+","Live","1369-1_C7_C07.fcs","Stanford","1369-1_C7_C07","1","2476","20365","7"
"671","IgD-CD27-","IgD-CD27-","CD19+CD20+","1369-1_C7_C07.fcs","Stanford","1369-1_C7_C07","1","467","2454","8"
"672","IgD+CD27-","IgD+CD27-","CD19+CD20+","1369-1_C7_C07.fcs","Stanford","1369-1_C7_C07","1","1649","2454","9"
"673","IgD-CD27+","IgD-CD27+","CD19+CD20+","1369-1_C7_C07.fcs","Stanford","1369-1_C7_C07","1","216","2454","10"
"674","IgD+CD27+","IgD+CD27+","CD19+CD20+","1369-1_C7_C07.fcs","Stanford","1369-1_C7_C07","1","122","2454","11"
"675","CD38+CD24+","Transitional","CD19+CD20+","1369-1_C7_C07.fcs","Stanford","1369-1_C7_C07","1","94","2454","12"
"676","CD38+CD27+","Plasmablasts","CD19+CD20-","1369-1_C7_C07.fcs","Stanford","1369-1_C7_C07","1","2","9","13"
"677","","All cells","","1369-2_C8_C08.fcs","Stanford","1369-2_C8_C08","2","39747","","1"
"678","","Lymphocytes","All cells","1369-2_C8_C08.fcs","Stanford","1369-2_C8_C08","2","21185","39747","2"
"679","","Singlets","Lymphocytes","1369-2_C8_C08.fcs","Stanford","1369-2_C8_C08","2","20421","21185","3"
"680","","Live","Singlets","1369-2_C8_C08.fcs","Stanford","1369-2_C8_C08","2","19808","20421","4"
"681","CD3+","CD3+","Live","1369-2_C8_C08.fcs","Stanford","1369-2_C8_C08","2","15056","19808","5"
"682","CD19+","CD19+","Live","1369-2_C8_C08.fcs","Stanford","1369-2_C8_C08","2","2525","19808","6"
"683","CD20+","CD20+","Live","1369-2_C8_C08.fcs","Stanford","1369-2_C8_C08","2","2547","19808","7"
"684","IgD-CD27-","IgD-CD27-","CD19+CD20+","1369-2_C8_C08.fcs","Stanford","1369-2_C8_C08","2","429","2517","8"
"685","IgD+CD27-","IgD+CD27-","CD19+CD20+","1369-2_C8_C08.fcs","Stanford","1369-2_C8_C08","2","1711","2517","9"
"686","IgD-CD27+","IgD-CD27+","CD19+CD20+","1369-2_C8_C08.fcs","Stanford","1369-2_C8_C08","2","236","2517","10"
"687","IgD+CD27+","IgD+CD27+","CD19+CD20+","1369-2_C8_C08.fcs","Stanford","1369-2_C8_C08","2","141","2517","11"
"688","CD38+CD24+","Transitional","CD19+CD20+","1369-2_C8_C08.fcs","Stanford","1369-2_C8_C08","2","65","2517","12"
"689","CD38+CD27+","Plasmablasts","CD19+CD20-","1369-2_C8_C08.fcs","Stanford","1369-2_C8_C08","2","4","8","13"
"690","","All cells","","1369-3_C9_C09.fcs","Stanford","1369-3_C9_C09","3","39624","","1"
"691","","Lymphocytes","All cells","1369-3_C9_C09.fcs","Stanford","1369-3_C9_C09","3","21322","39624","2"
"692","","Singlets","Lymphocytes","1369-3_C9_C09.fcs","Stanford","1369-3_C9_C09","3","20554","21322","3"
"693","","Live","Singlets","1369-3_C9_C09.fcs","Stanford","1369-3_C9_C09","3","19937","20554","4"
"694","CD3+","CD3+","Live","1369-3_C9_C09.fcs","Stanford","1369-3_C9_C09","3","15288","19937","5"
"695","CD19+","CD19+","Live","1369-3_C9_C09.fcs","Stanford","1369-3_C9_C09","3","2296","19937","6"
"696","CD20+","CD20+","Live","1369-3_C9_C09.fcs","Stanford","1369-3_C9_C09","3","2335","19937","7"
"697","IgD-CD27-","IgD-CD27-","CD19+CD20+","1369-3_C9_C09.fcs","Stanford","1369-3_C9_C09","3","358","2293","8"
"698","IgD+CD27-","IgD+CD27-","CD19+CD20+","1369-3_C9_C09.fcs","Stanford","1369-3_C9_C09","3","1620","2293","9"
"699","IgD-CD27+","IgD-CD27+","CD19+CD20+","1369-3_C9_C09.fcs","Stanford","1369-3_C9_C09","3","175","2293","10"
"700","IgD+CD27+","IgD+CD27+","CD19+CD20+","1369-3_C9_C09.fcs","Stanford","1369-3_C9_C09","3","140","2293","11"
"701","CD38+CD24+","Transitional","CD19+CD20+","1369-3_C9_C09.fcs","Stanford","1369-3_C9_C09","3","57","2293","12"
"702","CD38+CD27+","Plasmablasts","CD19+CD20-","1369-3_C9_C09.fcs","Stanford","1369-3_C9_C09","3","2","3","13"
"703","","All cells","","lot 12828_C1_C01.fcs","Miami","lot 12828_C1_C01","1","113075","","1"
"704","","Lymphocytes","All cells","lot 12828_C1_C01.fcs","Miami","lot 12828_C1_C01","1","64245","113075","2"
"705","","Singlets","Lymphocytes","lot 12828_C1_C01.fcs","Miami","lot 12828_C1_C01","1","63863","64245","3"
"706","","Live","Singlets","lot 12828_C1_C01.fcs","Miami","lot 12828_C1_C01","1","62585","63863","4"
"707","CD3+","CD3+","Live","lot 12828_C1_C01.fcs","Miami","lot 12828_C1_C01","1","41999","62585","5"
"708","CD19+","CD19+","Live","lot 12828_C1_C01.fcs","Miami","lot 12828_C1_C01","1","11719","62585","6"
"709","CD20+","CD20+","Live","lot 12828_C1_C01.fcs","Miami","lot 12828_C1_C01","1","11750","62585","7"
"710","IgD-CD27-","IgD-CD27-","CD19+CD20+","lot 12828_C1_C01.fcs","Miami","lot 12828_C1_C01","1","1009","11653","8"
"711","IgD+CD27-","IgD+CD27-","CD19+CD20+","lot 12828_C1_C01.fcs","Miami","lot 12828_C1_C01","1","9891","11653","9"
"712","IgD-CD27+","IgD-CD27+","CD19+CD20+","lot 12828_C1_C01.fcs","Miami","lot 12828_C1_C01","1","458","11653","10"
"713","IgD+CD27+","IgD+CD27+","CD19+CD20+","lot 12828_C1_C01.fcs","Miami","lot 12828_C1_C01","1","295","11653","11"
"714","CD38+CD24+","Transitional","CD19+CD20+","lot 12828_C1_C01.fcs","Miami","lot 12828_C1_C01","1","2197","11653","12"
"715","CD38+CD27+","Plasmablasts","CD19+CD20-","lot 12828_C1_C01.fcs","Miami","lot 12828_C1_C01","1","10","66","13"
"716","","All cells","","lot 12828_C2_C02.fcs","Miami","lot 12828_C2_C02","2","141599","","1"
"717","","Lymphocytes","All cells","lot 12828_C2_C02.fcs","Miami","lot 12828_C2_C02","2","82271","141599","2"
"718","","Singlets","Lymphocytes","lot 12828_C2_C02.fcs","Miami","lot 12828_C2_C02","2","81782","82271","3"
"719","","Live","Singlets","lot 12828_C2_C02.fcs","Miami","lot 12828_C2_C02","2","80146","81782","4"
"720","CD3+","CD3+","Live","lot 12828_C2_C02.fcs","Miami","lot 12828_C2_C02","2","53314","80146","5"
"721","CD19+","CD19+","Live","lot 12828_C2_C02.fcs","Miami","lot 12828_C2_C02","2","15847","80146","6"
"722","CD20+","CD20+","Live","lot 12828_C2_C02.fcs","Miami","lot 12828_C2_C02","2","16038","80146","7"
"723","IgD-CD27-","IgD-CD27-","CD19+CD20+","lot 12828_C2_C02.fcs","Miami","lot 12828_C2_C02","2","1410","15802","8"
"724","IgD+CD27-","IgD+CD27-","CD19+CD20+","lot 12828_C2_C02.fcs","Miami","lot 12828_C2_C02","2","13327","15802","9"
"725","IgD-CD27+","IgD-CD27+","CD19+CD20+","lot 12828_C2_C02.fcs","Miami","lot 12828_C2_C02","2","607","15802","10"
"726","IgD+CD27+","IgD+CD27+","CD19+CD20+","lot 12828_C2_C02.fcs","Miami","lot 12828_C2_C02","2","458","15802","11"
"727","CD38+CD24+","Transitional","CD19+CD20+","lot 12828_C2_C02.fcs","Miami","lot 12828_C2_C02","2","2263","15802","12"
"728","CD38+CD27+","Plasmablasts","CD19+CD20-","lot 12828_C2_C02.fcs","Miami","lot 12828_C2_C02","2","15","45","13"
"729","","All cells","","lot 12828_C3_C03.fcs","Miami","lot 12828_C3_C03","3","139713","","1"
"730","","Lymphocytes","All cells","lot 12828_C3_C03.fcs","Miami","lot 12828_C3_C03","3","81519","139713","2"
"731","","Singlets","Lymphocytes","lot 12828_C3_C03.fcs","Miami","lot 12828_C3_C03","3","81034","81519","3"
"732","","Live","Singlets","lot 12828_C3_C03.fcs","Miami","lot 12828_C3_C03","3","79413","81034","4"
"733","CD3+","CD3+","Live","lot 12828_C3_C03.fcs","Miami","lot 12828_C3_C03","3","53063","79413","5"
"734","CD19+","CD19+","Live","lot 12828_C3_C03.fcs","Miami","lot 12828_C3_C03","3","15945","79413","6"
"735","CD20+","CD20+","Live","lot 12828_C3_C03.fcs","Miami","lot 12828_C3_C03","3","16075","79413","7"
"736","IgD-CD27-","IgD-CD27-","CD19+CD20+","lot 12828_C3_C03.fcs","Miami","lot 12828_C3_C03","3","1399","15895","8"
"737","IgD+CD27-","IgD+CD27-","CD19+CD20+","lot 12828_C3_C03.fcs","Miami","lot 12828_C3_C03","3","12907","15895","9"
"738","IgD-CD27+","IgD-CD27+","CD19+CD20+","lot 12828_C3_C03.fcs","Miami","lot 12828_C3_C03","3","768","15895","10"
"739","IgD+CD27+","IgD+CD27+","CD19+CD20+","lot 12828_C3_C03.fcs","Miami","lot 12828_C3_C03","3","823","15895","11"
"740","CD38+CD24+","Transitional","CD19+CD20+","lot 12828_C3_C03.fcs","Miami","lot 12828_C3_C03","3","832","15895","12"
"741","CD38+CD27+","Plasmablasts","CD19+CD20-","lot 12828_C3_C03.fcs","Miami","lot 12828_C3_C03","3","11","50","13"
"742","","All cells","","lot 1349_C4_C04.fcs","Miami","lot 1349_C4_C04","1","132963","","1"
"743","","Lymphocytes","All cells","lot 1349_C4_C04.fcs","Miami","lot 1349_C4_C04","1","80344","132963","2"
"744","","Singlets","Lymphocytes","lot 1349_C4_C04.fcs","Miami","lot 1349_C4_C04","1","79867","80344","3"
"745","","Live","Singlets","lot 1349_C4_C04.fcs","Miami","lot 1349_C4_C04","1","78269","79867","4"
"746","CD3+","CD3+","Live","lot 1349_C4_C04.fcs","Miami","lot 1349_C4_C04","1","62433","78269","5"
"747","CD19+","CD19+","Live","lot 1349_C4_C04.fcs","Miami","lot 1349_C4_C04","1","8940","78269","6"
"748","CD20+","CD20+","Live","lot 1349_C4_C04.fcs","Miami","lot 1349_C4_C04","1","9018","78269","7"
"749","IgD-CD27-","IgD-CD27-","CD19+CD20+","lot 1349_C4_C04.fcs","Miami","lot 1349_C4_C04","1","838","8891","8"
"750","IgD+CD27-","IgD+CD27-","CD19+CD20+","lot 1349_C4_C04.fcs","Miami","lot 1349_C4_C04","1","6370","8891","9"
"751","IgD-CD27+","IgD-CD27+","CD19+CD20+","lot 1349_C4_C04.fcs","Miami","lot 1349_C4_C04","1","1241","8891","10"
"752","IgD+CD27+","IgD+CD27+","CD19+CD20+","lot 1349_C4_C04.fcs","Miami","lot 1349_C4_C04","1","442","8891","11"
"753","CD38+CD24+","Transitional","CD19+CD20+","lot 1349_C4_C04.fcs","Miami","lot 1349_C4_C04","1","417","8891","12"
"754","CD38+CD27+","Plasmablasts","CD19+CD20-","lot 1349_C4_C04.fcs","Miami","lot 1349_C4_C04","1","3","49","13"
"755","","All cells","","lot 1349_C5_C05.fcs","Miami","lot 1349_C5_C05","2","165717","","1"
"756","","Lymphocytes","All cells","lot 1349_C5_C05.fcs","Miami","lot 1349_C5_C05","2","98918","165717","2"
"757","","Singlets","Lymphocytes","lot 1349_C5_C05.fcs","Miami","lot 1349_C5_C05","2","98330","98918","3"
"758","","Live","Singlets","lot 1349_C5_C05.fcs","Miami","lot 1349_C5_C05","2","96363","98330","4"
"759","CD3+","CD3+","Live","lot 1349_C5_C05.fcs","Miami","lot 1349_C5_C05","2","75275","96363","5"
"760","CD19+","CD19+","Live","lot 1349_C5_C05.fcs","Miami","lot 1349_C5_C05","2","12537","96363","6"
"761","CD20+","CD20+","Live","lot 1349_C5_C05.fcs","Miami","lot 1349_C5_C05","2","12614","96363","7"
"762","IgD-CD27-","IgD-CD27-","CD19+CD20+","lot 1349_C5_C05.fcs","Miami","lot 1349_C5_C05","2","1210","12473","8"
"763","IgD+CD27-","IgD+CD27-","CD19+CD20+","lot 1349_C5_C05.fcs","Miami","lot 1349_C5_C05","2","8933","12473","9"
"764","IgD-CD27+","IgD-CD27+","CD19+CD20+","lot 1349_C5_C05.fcs","Miami","lot 1349_C5_C05","2","1732","12473","10"
"765","IgD+CD27+","IgD+CD27+","CD19+CD20+","lot 1349_C5_C05.fcs","Miami","lot 1349_C5_C05","2","597","12473","11"
"766","CD38+CD24+","Transitional","CD19+CD20+","lot 1349_C5_C05.fcs","Miami","lot 1349_C5_C05","2","443","12473","12"
"767","CD38+CD27+","Plasmablasts","CD19+CD20-","lot 1349_C5_C05.fcs","Miami","lot 1349_C5_C05","2","6","64","13"
"768","","All cells","","lot 1349_C6_C06.fcs","Miami","lot 1349_C6_C06","3","173205","","1"
"769","","Lymphocytes","All cells","lot 1349_C6_C06.fcs","Miami","lot 1349_C6_C06","3","107717","173205","2"
"770","","Singlets","Lymphocytes","lot 1349_C6_C06.fcs","Miami","lot 1349_C6_C06","3","107078","107717","3"
"771","","Live","Singlets","lot 1349_C6_C06.fcs","Miami","lot 1349_C6_C06","3","104936","107078","4"
"772","CD3+","CD3+","Live","lot 1349_C6_C06.fcs","Miami","lot 1349_C6_C06","3","80452","104936","5"
"773","CD19+","CD19+","Live","lot 1349_C6_C06.fcs","Miami","lot 1349_C6_C06","3","14812","104936","6"
"774","CD20+","CD20+","Live","lot 1349_C6_C06.fcs","Miami","lot 1349_C6_C06","3","14962","104936","7"
"775","IgD-CD27-","IgD-CD27-","CD19+CD20+","lot 1349_C6_C06.fcs","Miami","lot 1349_C6_C06","3","1230","14749","8"
"776","IgD+CD27-","IgD+CD27-","CD19+CD20+","lot 1349_C6_C06.fcs","Miami","lot 1349_C6_C06","3","10846","14749","9"
"777","IgD-CD27+","IgD-CD27+","CD19+CD20+","lot 1349_C6_C06.fcs","Miami","lot 1349_C6_C06","3","1878","14749","10"
"778","IgD+CD27+","IgD+CD27+","CD19+CD20+","lot 1349_C6_C06.fcs","Miami","lot 1349_C6_C06","3","795","14749","11"
"779","CD38+CD24+","Transitional","CD19+CD20+","lot 1349_C6_C06.fcs","Miami","lot 1349_C6_C06","3","482","14749","12"
"780","CD38+CD27+","Plasmablasts","CD19+CD20-","lot 1349_C6_C06.fcs","Miami","lot 1349_C6_C06","3","5","63","13"
"781","","All cells","","lot 1369_C7_C07.fcs","Miami","lot 1369_C7_C07","1","200000","","1"
"782","","Lymphocytes","All cells","lot 1369_C7_C07.fcs","Miami","lot 1369_C7_C07","1","122589","200000","2"
"783","","Singlets","Lymphocytes","lot 1369_C7_C07.fcs","Miami","lot 1369_C7_C07","1","121867","122589","3"
"784","","Live","Singlets","lot 1369_C7_C07.fcs","Miami","lot 1369_C7_C07","1","119429","121867","4"
"785","CD3+","CD3+","Live","lot 1369_C7_C07.fcs","Miami","lot 1369_C7_C07","1","90300","119429","5"
"786","CD19+","CD19+","Live","lot 1369_C7_C07.fcs","Miami","lot 1369_C7_C07","1","12930","119429","6"
"787","CD20+","CD20+","Live","lot 1369_C7_C07.fcs","Miami","lot 1369_C7_C07","1","13265","119429","7"
"788","IgD-CD27-","IgD-CD27-","CD19+CD20+","lot 1369_C7_C07.fcs","Miami","lot 1369_C7_C07","1","2621","12906","8"
"789","IgD+CD27-","IgD+CD27-","CD19+CD20+","lot 1369_C7_C07.fcs","Miami","lot 1369_C7_C07","1","9495","12906","9"
"790","IgD-CD27+","IgD-CD27+","CD19+CD20+","lot 1369_C7_C07.fcs","Miami","lot 1369_C7_C07","1","392","12906","10"
"791","IgD+CD27+","IgD+CD27+","CD19+CD20+","lot 1369_C7_C07.fcs","Miami","lot 1369_C7_C07","1","398","12906","11"
"792","CD38+CD24+","Transitional","CD19+CD20+","lot 1369_C7_C07.fcs","Miami","lot 1369_C7_C07","1","614","12906","12"
"793","CD38+CD27+","Plasmablasts","CD19+CD20-","lot 1369_C7_C07.fcs","Miami","lot 1369_C7_C07","1","4","24","13"
"794","","All cells","","lot 1369_C8_C08.fcs","Miami","lot 1369_C8_C08","2","200000","","1"
"795","","Lymphocytes","All cells","lot 1369_C8_C08.fcs","Miami","lot 1369_C8_C08","2","125665","200000","2"
"796","","Singlets","Lymphocytes","lot 1369_C8_C08.fcs","Miami","lot 1369_C8_C08","2","124925","125665","3"
"797","","Live","Singlets","lot 1369_C8_C08.fcs","Miami","lot 1369_C8_C08","2","122426","124925","4"
"798","CD3+","CD3+","Live","lot 1369_C8_C08.fcs","Miami","lot 1369_C8_C08","2","92242","122426","5"
"799","CD19+","CD19+","Live","lot 1369_C8_C08.fcs","Miami","lot 1369_C8_C08","2","13499","122426","6"
"800","CD20+","CD20+","Live","lot 1369_C8_C08.fcs","Miami","lot 1369_C8_C08","2","13808","122426","7"
"801","IgD-CD27-","IgD-CD27-","CD19+CD20+","lot 1369_C8_C08.fcs","Miami","lot 1369_C8_C08","2","2630","13480","8"
"802","IgD+CD27-","IgD+CD27-","CD19+CD20+","lot 1369_C8_C08.fcs","Miami","lot 1369_C8_C08","2","9985","13480","9"
"803","IgD-CD27+","IgD-CD27+","CD19+CD20+","lot 1369_C8_C08.fcs","Miami","lot 1369_C8_C08","2","423","13480","10"
"804","IgD+CD27+","IgD+CD27+","CD19+CD20+","lot 1369_C8_C08.fcs","Miami","lot 1369_C8_C08","2","442","13480","11"
"805","CD38+CD24+","Transitional","CD19+CD20+","lot 1369_C8_C08.fcs","Miami","lot 1369_C8_C08","2","591","13480","12"
"806","CD38+CD27+","Plasmablasts","CD19+CD20-","lot 1369_C8_C08.fcs","Miami","lot 1369_C8_C08","2","3","19","13"
"807","","All cells","","lot 1369_C9_C09.fcs","Miami","lot 1369_C9_C09","3","200000","","1"
"808","","Lymphocytes","All cells","lot 1369_C9_C09.fcs","Miami","lot 1369_C9_C09","3","124978","200000","2"
"809","","Singlets","Lymphocytes","lot 1369_C9_C09.fcs","Miami","lot 1369_C9_C09","3","124252","124978","3"
"810","","Live","Singlets","lot 1369_C9_C09.fcs","Miami","lot 1369_C9_C09","3","121766","124252","4"
"811","CD3+","CD3+","Live","lot 1369_C9_C09.fcs","Miami","lot 1369_C9_C09","3","91328","121766","5"
"812","CD19+","CD19+","Live","lot 1369_C9_C09.fcs","Miami","lot 1369_C9_C09","3","14104","121766","6"
"813","CD20+","CD20+","Live","lot 1369_C9_C09.fcs","Miami","lot 1369_C9_C09","3","14311","121766","7"
"814","IgD-CD27-","IgD-CD27-","CD19+CD20+","lot 1369_C9_C09.fcs","Miami","lot 1369_C9_C09","3","2872","14064","8"
"815","IgD+CD27-","IgD+CD27-","CD19+CD20+","lot 1369_C9_C09.fcs","Miami","lot 1369_C9_C09","3","10271","14064","9"
"816","IgD-CD27+","IgD-CD27+","CD19+CD20+","lot 1369_C9_C09.fcs","Miami","lot 1369_C9_C09","3","430","14064","10"
"817","IgD+CD27+","IgD+CD27+","CD19+CD20+","lot 1369_C9_C09.fcs","Miami","lot 1369_C9_C09","3","489","14064","11"
"818","CD38+CD24+","Transitional","CD19+CD20+","lot 1369_C9_C09.fcs","Miami","lot 1369_C9_C09","3","592","14064","12"
"819","CD38+CD27+","Plasmablasts","CD19+CD20-","lot 1369_C9_C09.fcs","Miami","lot 1369_C9_C09","3","2","40","13"
